date,open,high,low,close,preclose,volume,amount,adjustflag,turn,tradestatus,pctChg,isST
2015-12-30,11948.6000,12039.1400,11908.3000,12024.7800,11931.2200,628244608,12168690688.0000,3,0.014732,1,0.784200,0
2015-12-31,12027.8200,12078.2000,11906.0200,11922.7800,12024.7800,554387504,12542989312.0000,3,0.013000,1,-0.848300,0
2016-01-04,11909.4700,11909.4700,10893.2000,10897.7300,11922.7800,552105696,11489856000.0000,3,0.012947,1,-8.597300,0
2016-01-05,10496.2100,11036.0500,10395.0500,10850.8200,10897.7300,821675504,15683101952.0000,3,0.019268,1,-0.430500,0
2016-01-06,10882.6100,11057.6900,10805.0000,11056.1100,10850.8200,569622208,11447436288.0000,3,0.013357,1,1.891900,0
2016-01-07,10859.3200,10859.3200,10070.8300,10095.8900,11056.1100,158338700,2863988928.0000,3,0.003713,1,-8.685000,0
2016-01-08,10364.6400,10474.7400,9783.6420,10291.8400,10095.8900,707846000,13053695488.0000,3,0.016599,1,1.940900,0
2016-01-11,10101.5900,10220.2900,9549.2410,9564.8010,10291.8400,669633104,11714044416.0000,3,0.015703,1,-7.064300,0
2016-01-12,9626.3790,9729.2030,9411.3620,9616.3860,9564.8010,533910208,9401376512.0000,3,0.012520,1,0.539300,0
2016-01-13,9681.0400,9775.9320,9280.1440,9280.1440,9616.3860,465598496,8409649664.0000,3,0.010918,1,-3.496600,0
2016-01-14,9035.0170,9620.0120,8996.1720,9606.6610,9280.1440,561030400,9140274176.0000,3,0.013156,1,3.518500,0
2016-01-15,9524.8790,9589.6120,9184.1230,9267.1470,9606.6610,513495504,8292419584.0000,3,0.012041,1,-3.534100,0
2016-01-18,9081.4480,9469.6710,9070.4300,9356.8290,9267.1470,449360000,7948270848.0000,3,0.010537,1,0.967700,0
2016-01-19,9321.8900,9704.1110,9321.8900,9691.5580,9356.8290,527183008,9291419392.0000,3,0.012361,1,3.577400,0
2016-01-20,9652.1210,9760.6710,9503.6640,9571.1930,9691.5580,503575696,8708960512.0000,3,0.011808,1,-1.241900,0
2016-01-21,9437.2830,9724.7000,9294.4480,9296.8460,9571.1930,565969104,9392634112.0000,3,0.013251,1,-2.866400,0
2016-01-22,9392.6590,9459.7730,9148.0750,9403.9040,9296.8460,446872096,7409403136.0000,3,0.010462,1,1.151600,0
2016-01-25,9474.5210,9547.5630,9371.3810,9471.8820,9403.9040,347505200,6432205568.0000,3,0.008136,1,0.722900,0
2016-01-26,9381.7880,9384.8870,8780.0780,8809.7780,9471.8820,648612800,9365462784.0000,3,0.015186,1,-6.990200,0
2016-01-27,8826.7620,8881.3430,8320.3460,8745.1680,8809.7780,670009408,9217279232.0000,3,0.015687,1,-0.733400,0
2016-01-28,8634.1190,8754.8610,8444.6510,8463.0040,8745.1680,507784208,7121007616.0000,3,0.011889,1,-3.226500,0
2016-01-29,8461.4750,8807.7070,8431.5200,8752.9300,8463.0040,514164704,7486665984.0000,3,0.012038,1,3.425800,0
2016-02-01,8727.8530,8806.3660,8556.6140,8661.5460,8752.9300,396628096,6047091200.0000,3,0.009286,1,-1.044000,0
2016-02-02,8673.6780,8962.5140,8672.9670,8958.9400,8661.5460,418873600,6522829056.0000,3,0.009806,1,3.433500,0
2016-02-03,8852.5330,9012.7360,8773.6760,8977.4340,8958.9400,373127600,5700387840.0000,3,0.008735,1,0.206400,0
2016-02-04,9009.2040,9172.3420,9004.3820,9163.7200,8977.4340,462239408,7205276160.0000,3,0.010821,1,2.075000,0
2016-02-05,9171.5430,9219.8810,9115.3230,9118.5570,9163.7200,362142304,5546697216.0000,3,0.008478,1,-0.492800,0
2016-02-15,8899.4690,9207.2900,8871.0720,9167.7250,9118.5570,371198800,5632685312.0000,3,0.008690,1,0.539200,0
2016-02-16,9212.3450,9495.8470,9212.3450,9484.5740,9167.7250,524450096,8075766016.0000,3,0.012278,1,3.456100,0
2016-02-17,9462.6220,9521.1120,9353.4330,9515.8440,9484.5740,550273808,8543335936.0000,3,0.012859,1,0.329700,0
2016-02-18,9577.4890,9612.2300,9468.7000,9478.1790,9515.8440,548371808,8060242688.0000,3,0.012815,1,-0.395800,0
2016-02-19,9459.7790,9530.6020,9420.7010,9499.0860,9478.1790,405729696,6039355648.0000,3,0.009481,1,0.220600,0
2016-02-22,9607.3010,9658.1660,9568.9720,9639.6590,9499.0860,527384304,8208097024.0000,3,0.012324,1,1.479900,0
2016-02-23,9646.6110,9662.5310,9477.9650,9589.4380,9639.6590,457737904,7124776960.0000,3,0.010697,1,-0.521000,0
2016-02-24,9553.1180,9638.1470,9424.8690,9590.1880,9589.4380,457672496,7001662208.0000,3,0.010695,1,0.007800,0
2016-02-25,9576.4450,9576.4450,8868.2510,8913.8350,9590.1880,627391296,9334807808.0000,3,0.014661,1,-7.052600,0
2016-02-26,8978.0080,9030.1280,8794.6510,8956.6960,8913.8350,447578400,6426400512.0000,3,0.010459,1,0.480800,0
2016-02-29,8924.3250,8931.3920,8431.8510,8563.3910,8956.6960,516566304,7824368640.0000,3,0.012072,1,-4.391200,0
2016-03-01,8579.5200,8747.4290,8461.5190,8707.8990,8563.3910,433388896,6066519040.0000,3,0.010128,1,1.687500,0
2016-03-02,8698.5450,9052.5140,8689.2770,9050.6220,8707.8990,588879200,8612994560.0000,3,0.013762,1,3.935800,0
2016-03-03,9031.6460,9164.8180,9008.7200,9088.7070,9050.6220,619269008,9033895424.0000,3,0.014472,1,0.420800,0
2016-03-04,9055.5460,9082.9140,8765.0160,8904.8790,9088.7070,718927008,11850180608.0000,3,0.016799,1,-2.022600,0
2016-03-07,8941.8700,9104.2870,8941.8700,9031.4450,8904.8790,487100000,7953536512.0000,3,0.011382,1,1.421300,0
2016-03-08,9021.8010,9029.2730,8715.4520,9026.5920,9031.4450,443750704,7006573568.0000,3,0.010369,1,-0.053700,0
2016-03-09,8850.6310,8950.3280,8772.3830,8898.4630,9026.5920,397611600,6343122176.0000,3,0.009291,1,-1.419500,0
2016-03-10,8867.4270,8930.2630,8748.9610,8752.2730,8898.4630,355738800,5865867520.0000,3,0.008313,1,-1.642900,0
2016-03-11,8669.4400,8761.7020,8613.2960,8719.9280,8752.2730,270750000,4309177344.0000,3,0.006327,1,-0.369600,0
2016-03-14,8805.4060,9054.0150,8805.4060,8967.8360,8719.9280,538149808,8743393792.0000,3,0.012575,1,2.843000,0
2016-03-15,8945.5270,8999.4390,8886.2180,8977.6070,8967.8360,458206704,7583981056.0000,3,0.010707,1,0.109000,0
2016-03-16,8991.1290,9033.4620,8860.6960,8893.8920,8977.6070,452620800,8010715392.0000,3,0.010576,1,-0.932500,0
2016-03-17,8925.2240,9138.6670,8906.1850,9108.2880,8893.8920,546251408,9070989568.0000,3,0.012764,1,2.410600,0
2016-03-18,9139.3440,9374.0860,9133.1740,9331.7790,9108.2880,862776896,14020013312.0000,3,0.020161,1,2.453700,0
2016-03-21,9411.5350,9538.9450,9405.0110,9536.9880,9331.7790,831608896,13369738752.0000,3,0.019432,1,2.199000,0
2016-03-22,9483.0540,9556.5170,9418.1140,9501.2660,9536.9880,664567296,10784011776.0000,3,0.015529,1,-0.374600,0
2016-03-23,9465.5980,9542.5440,9421.3560,9526.5440,9501.2660,589835504,10387094272.0000,3,0.013783,1,0.266100,0
2016-03-24,9458.0600,9487.9780,9351.8350,9355.9690,9526.5440,543983504,9417458688.0000,3,0.012711,1,-1.790500,0
2016-03-25,9333.0650,9442.9570,9326.9190,9440.7140,9355.9690,429070704,7471047936.0000,3,0.010026,1,0.905800,0
2016-03-28,9472.7390,9618.6670,9438.7860,9473.1280,9440.7140,587123808,10329872128.0000,3,0.013719,1,0.343300,0
2016-03-29,9451.4910,9476.9980,9239.1770,9293.1560,9473.1280,454499408,7608702208.0000,3,0.010659,1,-1.899800,0
2016-03-30,9379.8000,9643.4990,9379.8000,9642.3140,9293.1560,598293408,10708024576.0000,3,0.014031,1,3.757200,0
2016-03-31,9668.5470,9695.8420,9583.8730,9620.5970,9642.3140,533657504,9499299072.0000,3,0.012515,1,-0.225200,0
2016-04-01,9593.9130,9611.6660,9392.0130,9547.3120,9620.5970,418138496,7157414912.0000,3,0.009806,1,-0.761800,0
2016-04-05,9540.0170,9761.1850,9516.5410,9758.4320,9547.3120,589393808,9994254336.0000,3,0.013822,1,2.211300,0
2016-04-06,9726.9630,9846.9930,9706.4400,9845.8930,9758.4320,672106096,9992983808.0000,3,0.015552,1,0.896300,0
2016-04-07,9877.0750,9925.8410,9712.7640,9720.0680,9845.8930,648352000,11043374080.0000,3,0.015003,1,-1.277900,0
2016-04-08,9638.1920,9720.9450,9589.0560,9713.3920,9720.0680,523388800,9062809344.0000,3,0.012111,1,-0.068700,0
2016-04-11,9801.8520,9996.6710,9801.8520,9978.4730,9713.3920,698392304,13344309760.0000,3,0.016161,1,2.729000,0
2016-04-12,9965.9470,9965.9470,9742.5760,9822.4300,9978.4730,492488608,9194843904.0000,3,0.011396,1,-1.563800,0
2016-04-13,9884.2210,10018.8200,9880.0580,9906.9920,9822.4300,653985696,12084068096.0000,3,0.015133,1,0.860900,0
2016-04-14,9954.0270,9978.0080,9878.2770,9977.4640,9906.9920,481412896,8791381504.0000,3,0.011140,1,0.711300,0
2016-04-15,9978.6540,9991.4440,9913.2380,9982.4120,9977.4640,453728000,8151676160.0000,3,0.010499,1,0.049600,0
2016-04-18,9920.1090,9920.1090,9750.1470,9778.8850,9982.4120,431110000,7701963264.0000,3,0.009960,1,-2.038900,0
2016-04-19,9826.6040,9850.6510,9729.3850,9800.0160,9778.8850,360040608,6520019968.0000,3,0.008318,1,0.216100,0
2016-04-20,9806.7390,9825.1250,9229.0790,9394.1080,9800.0160,660487408,11380753664.0000,3,0.015259,1,-4.141900,0
2016-04-21,9343.1080,9453.8040,9284.2940,9293.4110,9394.1080,365367104,6236011776.0000,3,0.008441,1,-1.071900,0
2016-04-22,9258.9080,9371.7320,9234.6280,9367.8740,9293.4110,260526000,4497711104.0000,3,0.006019,1,0.801200,0
2016-04-25,9342.6500,9353.5870,9235.3580,9320.9760,9367.8740,283425696,4767618048.0000,3,0.006545,1,-0.500600,0
2016-04-26,9311.0440,9423.0410,9292.6830,9422.3400,9320.9760,278772896,4763046144.0000,3,0.006438,1,1.087500,0
2016-04-27,9423.1980,9484.4420,9379.8850,9393.4760,9422.3400,304546896,5447733504.0000,3,0.007033,1,-0.306300,0
2016-04-28,9394.7550,9412.6820,9228.7550,9356.7130,9393.4760,335685904,5375952128.0000,3,0.007752,1,-0.391400,0
2016-04-29,9315.8620,9403.3190,9296.5030,9363.0150,9356.7130,276945600,4762646784.0000,3,0.006395,1,0.067400,0
2016-05-03,9360.5850,9626.6250,9316.3940,9625.2250,9363.0150,453570800,7669918208.0000,3,0.010474,1,2.800500,0
2016-05-04,9596.6670,9732.3750,9583.5150,9689.9300,9625.2250,433252496,7292029440.0000,3,0.010004,1,0.672200,0
2016-05-05,9666.4970,9723.2330,9620.0000,9715.5070,9689.9300,329488704,5527378176.0000,3,0.007592,1,0.264000,0
2016-05-06,9720.8450,9743.4580,9380.6730,9382.9590,9715.5070,499318304,8129654272.0000,3,0.011506,1,-3.422900,0
2016-05-09,9311.8980,9311.8980,9077.1180,9112.6190,9382.9590,404656304,6009214464.0000,3,0.009252,1,-2.881200,0
2016-05-10,9087.4240,9147.1410,9049.0700,9105.3130,9112.6190,277961904,4278694080.0000,3,0.006355,1,-0.080200,0
2016-05-11,9152.8340,9432.9430,9127.6590,9288.4570,9105.3130,502011296,8759319296.0000,3,0.011478,1,2.011400,0
2016-05-12,9168.0930,9258.4580,9045.1750,9250.6480,9288.4570,361977104,6004220416.0000,3,0.008276,1,-0.407000,0
2016-05-13,9227.4810,9334.9590,9147.0110,9200.1380,9250.6480,288940208,4752135424.0000,3,0.006606,1,-0.546000,0
2016-05-16,9176.4860,9355.2410,9130.5340,9352.8490,9200.1380,367628304,6395649536.0000,3,0.008378,1,1.659900,0
2016-05-17,9352.1180,9432.5090,9279.1630,9345.6270,9352.8490,352003504,5882721024.0000,3,0.008022,1,-0.077200,0
2016-05-18,9282.7540,9282.7540,9040.2370,9137.6100,9345.6270,367175296,5726593280.0000,3,0.008367,1,-2.225800,0
2016-05-19,9129.7600,9277.6750,9128.8280,9144.0690,9137.6100,294975408,5003529984.0000,3,0.006722,1,0.070700,0
2016-05-20,9092.8220,9235.7740,9050.5590,9234.9860,9144.0690,271914704,4718437120.0000,3,0.006197,1,0.994300,0
2016-05-23,9252.2610,9324.7610,9246.5110,9310.1330,9234.9860,305287808,5474177024.0000,3,0.006957,1,0.813700,0
2016-05-24,9303.1500,9305.9890,9176.8200,9238.5700,9310.1330,270822496,4599260672.0000,3,0.006144,1,-0.768700,0
2016-05-25,9282.8510,9315.0840,9150.4780,9177.8400,9238.5700,276510496,4780413696.0000,3,0.006273,1,-0.657400,0
2016-05-26,9164.7780,9208.5150,8995.1360,9179.0420,9177.8400,293729408,4805753600.0000,3,0.006654,1,0.013100,0
2016-05-27,9146.1300,9198.3670,9117.4820,9158.6660,9179.0420,230776200,3982399424.0000,3,0.005228,1,-0.222000,0
2016-05-30,9118.4240,9183.3480,9037.5110,9124.7950,9158.6660,207870000,3346570864.0000,3,0.004709,1,-0.369800,0
2016-05-31,9134.8620,9427.8800,9134.8620,9426.4920,9124.7950,499612896,8209711104.0000,3,0.011318,1,3.306300,0
2016-06-01,9429.6150,9483.2280,9413.3330,9431.5190,9426.4920,421005504,7119475200.0000,3,0.009537,1,0.053300,0
2016-06-02,9424.2590,9460.3860,9381.3650,9456.3360,9431.5190,342749104,5763141120.0000,3,0.007725,1,0.263100,0
2016-06-03,9456.1060,9588.6980,9430.2400,9551.6030,9456.3360,454913296,7970655488.0000,3,0.010253,1,1.007400,0
2016-06-06,9559.9880,9598.1200,9479.6330,9523.3230,9551.6030,344899408,5882990080.0000,3,0.007729,1,-0.296100,0
2016-06-07,9507.5190,9517.4470,9445.0070,9491.3590,9523.3230,314049008,5667129088.0000,3,0.007037,1,-0.335600,0
2016-06-08,9478.1720,9478.4980,9364.1040,9416.7830,9491.3590,341790096,6514400256.0000,3,0.007659,1,-0.785700,0
2016-06-13,9311.3820,9363.3900,9056.7490,9056.9370,9416.7830,450871104,7854345984.0000,3,0.010066,1,-3.821300,0
2016-06-14,9037.0500,9090.2720,8997.9200,9081.7320,9056.9370,324957600,5494254080.0000,3,0.007255,1,0.273800,0
2016-06-15,8996.4240,9287.0120,8975.5060,9278.1020,9081.7320,417313904,6841871360.0000,3,0.009177,1,2.162200,0
2016-06-16,9262.9080,9277.4480,9148.1650,9174.7990,9278.1020,362526608,5825799168.0000,3,0.007904,1,-1.113400,0
2016-06-17,9190.7050,9332.0680,9190.7050,9270.0300,9174.7990,401609696,6932504832.0000,3,0.008756,1,1.038000,0
2016-06-20,9248.5800,9294.6280,9170.6580,9284.8660,9270.0300,329187904,5672347904.0000,3,0.007177,1,0.160000,0
2016-06-21,9323.8520,9382.7880,9177.1730,9200.3630,9284.8660,353019408,6137562880.0000,3,0.007697,1,-0.910100,0
2016-06-22,9188.2900,9328.9920,9178.9860,9327.9350,9200.3620,283822800,4762618624.0000,3,0.006188,1,1.386600,0
2016-06-23,9324.5910,9339.7510,9264.0130,9320.8930,9327.9350,287957808,5102361856.0000,3,0.006278,1,-0.075500,0
2016-06-24,9308.2880,9359.2120,9012.6030,9206.1360,9320.8930,406289504,6690147584.0000,3,0.008844,1,-1.231200,0
2016-06-27,9153.7050,9398.7730,9153.7050,9396.9270,9206.1360,371925296,6535155968.0000,3,0.008096,1,2.072400,0
2016-06-28,9371.9950,9630.2490,9365.8500,9625.4830,9396.9270,627810896,11301612032.0000,3,0.013528,1,2.432200,0
2016-06-29,9645.7710,9653.4740,9556.7130,9581.7750,9625.4830,453793296,7993713152.0000,3,0.009778,1,-0.454100,0
2016-06-30,9607.0640,9643.6230,9577.0820,9607.1670,9581.7750,376205408,6857314304.0000,3,0.008106,1,0.265000,0
2016-07-01,9623.7230,9682.6390,9587.9520,9598.2930,9607.1670,375063696,6160398336.0000,3,0.008081,1,-0.092400,0
2016-07-04,9569.0000,9740.7510,9554.4230,9740.0640,9598.2930,490607696,7926075648.0000,3,0.010571,1,1.477000,0
2016-07-05,9746.4150,9773.3820,9702.7190,9755.5240,9740.0640,495676896,7963071744.0000,3,0.010678,1,0.158700,0
2016-07-06,9729.7480,9900.3540,9694.4300,9898.3220,9755.5240,551105296,9622614528.0000,3,0.011872,1,1.463800,0
2016-07-07,9902.9760,10079.0000,9902.9760,10011.1600,9898.3220,814575408,14442525952.0000,3,0.017542,1,1.140000,0
2016-07-08,9995.3650,9997.4770,9924.2400,9937.8960,10011.1600,456173408,8213853440.0000,3,0.009824,1,-0.731900,0
2016-07-11,9950.6370,10112.9700,9943.5030,10006.5800,9937.8960,597704304,10893882880.0000,3,0.012863,1,0.691100,0
2016-07-12,10008.1900,10255.4600,9990.1580,10253.5600,10006.5800,899002304,15535692544.0000,3,0.019348,1,2.468200,0
2016-07-13,10278.4400,10345.7200,10214.5100,10259.3000,10253.5600,736225408,12422871552.0000,3,0.015844,1,0.055900,0
2016-07-14,10239.7000,10257.0600,10168.8300,10240.2300,10259.3000,513822704,8339875328.0000,3,0.011058,1,-0.185800,0
2016-07-15,10238.9600,10276.4700,10186.0400,10257.5500,10240.2300,507572896,8727918592.0000,3,0.010924,1,0.169100,0
2016-07-18,10250.4200,10275.8300,10140.3900,10222.4900,10257.5500,529818800,9360226560.0000,3,0.011388,1,-0.341800,0
2016-07-19,10205.4700,10211.2100,10093.9200,10185.4700,10222.4900,416319296,7535767552.0000,3,0.008922,1,-0.362200,0
2016-07-20,10186.4500,10261.5600,10164.7200,10214.6900,10185.4700,428309104,7364988928.0000,3,0.009179,1,0.286900,0
2016-07-21,10221.0800,10363.3200,10221.0800,10271.6000,10214.6900,516946496,9196345600.0000,3,0.011079,1,0.557200,0
2016-07-22,10252.9100,10278.5500,10141.7300,10151.2900,10271.6000,430991904,7634461440.0000,3,0.009237,1,-1.171300,0
2016-07-25,10142.4500,10248.3800,10137.7200,10204.1700,10151.2900,400337504,6882038528.0000,3,0.008580,1,0.521000,0
2016-07-26,10217.4100,10408.1700,10210.5500,10404.6800,10204.1700,513715696,8705100800.0000,3,0.011009,1,1.965000,0
2016-07-27,10424.6800,10534.0600,10002.5700,10210.8900,10404.6800,941437104,16441230592.0000,3,0.020176,1,-1.862600,0
2016-07-28,10164.8300,10310.8500,10124.4200,10308.5300,10210.8900,585409904,10863927808.0000,3,0.012546,1,0.956200,0
2016-07-29,10301.4000,10389.3600,10284.7800,10336.0000,10308.5300,613645200,11517222656.0000,3,0.013151,1,0.266500,0
2016-08-01,10298.2400,10298.2400,9972.2730,10069.5200,10336.0000,554875104,9816307712.0000,3,0.011891,1,-2.578200,0
2016-08-02,10050.8400,10169.5500,10021.6600,10167.0800,10069.5200,415694608,6977061120.0000,3,0.008909,1,0.968900,0
2016-08-03,10148.6200,10225.1600,10117.7100,10204.6100,10167.0800,434276096,7609268736.0000,3,0.009307,1,0.369100,0
2016-08-04,10212.3000,10246.7500,10173.2600,10231.4900,10204.6100,356182608,6417631488.0000,3,0.007633,1,0.263400,0
2016-08-05,10246.7800,10284.8500,10187.6900,10191.3100,10231.4900,416887696,7850538752.0000,3,0.008934,1,-0.392700,0
2016-08-08,10156.0200,10278.5100,10079.7300,10277.1400,10191.3100,370683504,6910546688.0000,3,0.007944,1,0.842300,0
2016-08-09,10263.9800,10377.4000,10254.8900,10375.6400,10277.1400,404622096,7482960384.0000,3,0.008671,1,0.958400,0
2016-08-10,10373.9400,10416.4500,10313.4200,10330.3800,10375.6400,428442800,7831124480.0000,3,0.009182,1,-0.436200,0
2016-08-11,10308.1200,10351.4900,10188.1400,10191.4500,10330.3800,357996304,6501060352.0000,3,0.007672,1,-1.344900,0
2016-08-12,10181.7500,10276.6600,10152.2800,10273.8100,10191.4500,329716896,6267821568.0000,3,0.007066,1,0.808100,0
2016-08-15,10290.5600,10468.2600,10252.4300,10464.2600,10273.8100,572334000,10355909376.0000,3,0.012265,1,1.853800,0
2016-08-16,10474.4900,10519.8000,10433.8600,10491.1500,10464.2600,568181600,10432321024.0000,3,0.012176,1,0.257000,0
2016-08-17,10482.1300,10528.4300,10445.4100,10522.3800,10491.1500,474420608,8767310336.0000,3,0.010167,1,0.297700,0
2016-08-18,10503.1200,10534.8800,10466.7600,10496.5900,10522.3800,531941408,8898032384.0000,3,0.011400,1,-0.245100,0
2016-08-19,10494.3400,10531.5700,10437.0200,10510.4000,10496.5900,396652608,6738324992.0000,3,0.008498,1,0.131600,0
2016-08-22,10526.6300,10574.0200,10474.2200,10477.4400,10510.4000,598350800,9801235456.0000,3,0.012819,1,-0.313600,0
2016-08-23,10473.4800,10578.7700,10469.7800,10575.5600,10477.4400,599889008,9456563968.0000,3,0.012852,1,0.936500,0
2016-08-24,10572.3800,10614.3600,10544.5600,10573.6200,10575.5600,500515008,8179292160.0000,3,0.010723,1,-0.018400,0
2016-08-25,10521.8200,10523.4300,10397.5600,10494.6100,10573.6200,549432000,9158337792.0000,3,0.011771,1,-0.747200,0
2016-08-26,10497.7100,10663.3000,10496.1100,10582.9500,10494.6100,530328608,9264628992.0000,3,0.011362,1,0.841800,0
2016-08-29,10577.8700,10628.3900,10557.9000,10617.2000,10582.9500,467394800,8326169600.0000,3,0.010013,1,0.323600,0
2016-08-30,10620.0100,10650.8700,10557.9600,10577.3800,10617.2000,402818208,7142752256.0000,3,0.008630,1,-0.375000,0
2016-08-31,10571.1700,10609.3500,10527.5300,10606.0700,10577.3800,352722208,6379017472.0000,3,0.007557,1,0.271200,0
2016-09-01,10615.4100,10653.1000,10541.8400,10543.8800,10606.0700,412283808,7338869248.0000,3,0.008833,1,-0.586300,0
2016-09-02,10528.1100,10582.9300,10481.9400,10558.6700,10543.8800,496005904,9170423808.0000,3,0.010626,1,0.140300,0
2016-09-05,10556.8600,10618.0000,10544.3000,10582.2900,10558.6700,430354800,7712392448.0000,3,0.009217,1,0.223600,0
2016-09-06,10587.2700,10694.2400,10501.0000,10689.2200,10582.2900,467584800,8255171072.0000,3,0.010015,1,1.010500,0
2016-09-07,10691.4300,10724.5500,10652.8700,10686.5100,10689.2200,509463904,8281678336.0000,3,0.010912,1,-0.025400,0
2016-09-08,10688.6600,10748.1400,10681.7300,10745.4700,10686.5100,543149408,8358890752.0000,3,0.011633,1,0.551800,0
2016-09-09,10733.7400,10766.8400,10677.1000,10678.5100,10745.4700,457954896,7528141824.0000,3,0.009808,1,-0.623100,0
2016-09-12,10520.1500,10554.6300,10419.8300,10451.5100,10678.5100,543402704,9059043584.0000,3,0.011638,1,-2.125800,0
2016-09-13,10492.3400,10513.3400,10415.2400,10447.9900,10451.5100,321669808,5524255744.0000,3,0.006889,1,-0.033600,0
2016-09-14,10418.6600,10480.0500,10402.2200,10434.7700,10447.9900,373640704,6023413504.0000,3,0.008003,1,-0.126600,0
2016-09-19,10434.7200,10525.1100,10434.7200,10514.9500,10434.7700,311720496,5230386944.0000,3,0.006676,1,0.768400,0
2016-09-20,10515.1900,10523.8600,10485.7500,10513.8600,10514.9500,270364896,4600843776.0000,3,0.005791,1,-0.010400,0
2016-09-21,10513.3900,10547.2700,10494.1300,10526.0900,10513.8600,272571904,4340547840.0000,3,0.005838,1,0.116300,0
2016-09-22,10583.5500,10609.9500,10550.7500,10571.2600,10526.0900,340578896,5768976128.0000,3,0.007294,1,0.429100,0
2016-09-23,10573.2000,10591.7700,10536.5800,10543.0700,10571.2600,275065808,4915032576.0000,3,0.005891,1,-0.266700,0
2016-09-26,10514.6800,10519.2900,10322.9400,10323.3300,10543.0700,367561696,5891501568.0000,3,0.007872,1,-2.084200,0
2016-09-27,10307.8900,10397.7100,10278.9400,10396.4900,10323.3300,286110304,4725902848.0000,3,0.006128,1,0.708700,0
2016-09-28,10440.9300,10441.4800,10364.8300,10384.0600,10396.4900,204798800,3683140000.0000,3,0.004386,1,-0.119500,0
2016-09-29,10388.2700,10457.7100,10384.0200,10410.8600,10384.0600,254817900,4598683392.0000,3,0.005458,1,0.258100,0
2016-09-30,10391.6800,10477.4500,10391.6800,10469.0400,10410.8600,229370800,4126124000.0000,3,0.004913,1,0.558900,0
2016-10-10,10532.4800,10721.7200,10532.4800,10717.1100,10469.0400,449024608,7826382080.0000,3,0.009617,1,2.369600,0
2016-10-11,10710.4800,10740.2200,10697.1300,10739.2400,10717.1100,361377296,6519622400.0000,3,0.007740,1,0.206400,0
2016-10-12,10717.5600,10743.6900,10683.9700,10713.0100,10739.2400,300454496,5181426688.0000,3,0.006435,1,-0.244200,0
2016-10-13,10717.2900,10741.2200,10682.9400,10694.5000,10713.0100,408072400,6237760768.0000,3,0.008740,1,-0.172800,0
2016-10-14,10681.3800,10700.7000,10617.8900,10694.6300,10694.5000,327314608,5285570560.0000,3,0.007010,1,0.001300,0
2016-10-17,10697.6900,10785.6400,10648.1900,10677.7000,10694.6300,422259200,7061067520.0000,3,0.009043,1,-0.158300,0
2016-10-18,10678.2100,10798.6500,10673.4500,10797.7300,10677.7000,444870304,7871213312.0000,3,0.009527,1,1.124100,0
2016-10-19,10802.8900,10810.6300,10737.1700,10767.2300,10797.7300,363972896,6200221184.0000,3,0.007794,1,-0.282500,0
2016-10-20,10771.0300,10777.0700,10725.6900,10749.7300,10767.2300,337454896,6278791168.0000,3,0.007227,1,-0.162600,0
2016-10-21,10735.8600,10747.6000,10626.0400,10681.0900,10749.7300,309022096,5361411840.0000,3,0.006618,1,-0.638500,0
2016-10-24,10673.3800,10758.7100,10661.2100,10744.7100,10681.0900,364712000,6355231488.0000,3,0.007810,1,0.595600,0
2016-10-25,10744.4200,10760.0400,10705.4100,10726.0100,10744.7100,380759008,6541155072.0000,3,0.008154,1,-0.174000,0
2016-10-26,10745.0800,10767.4600,10685.9600,10720.0900,10726.0100,438240000,7643483648.0000,3,0.009385,1,-0.055200,0
2016-10-27,10718.9700,10718.9700,10645.1100,10681.7000,10720.0900,313363808,5526311424.0000,3,0.006711,1,-0.358100,0
2016-10-28,10670.5300,10720.8900,10622.0600,10625.1000,10681.7000,340748096,5594479616.0000,3,0.007292,1,-0.529900,0
2016-10-31,10625.3000,10655.7300,10566.5100,10635.1500,10625.1000,357468000,6175395072.0000,3,0.007641,1,0.094600,0
2016-11-01,10647.7900,10757.8000,10637.4300,10756.2500,10635.1500,388309600,6827610624.0000,3,0.008300,1,1.138700,0
2016-11-02,10733.5300,10775.1100,10694.7900,10708.4500,10756.2500,436879904,7295799552.0000,3,0.009338,1,-0.444400,0
2016-11-03,10680.8000,10785.2700,10662.2500,10737.2300,10708.4500,643103408,7910299392.0000,3,0.013746,1,0.268800,0
2016-11-04,10727.9400,10757.4500,10663.0400,10692.8000,10737.2300,724817008,8467196416.0000,3,0.015492,1,-0.413800,0
2016-11-07,10688.3300,10700.2000,10616.9200,10643.0900,10692.8000,452963104,6319497728.0000,3,0.009682,1,-0.464900,0
2016-11-08,10661.0300,10710.1700,10654.4400,10706.6500,10643.0900,480791696,6449785088.0000,3,0.010276,1,0.597200,0
2016-11-09,10715.4500,10715.4500,10510.0100,10612.7600,10706.6500,516924704,6944466176.0000,3,0.011049,1,-0.876900,0
2016-11-10,10679.9900,10716.2600,10669.8100,10713.3600,10612.7600,485257408,7190548224.0000,3,0.010372,1,0.947900,0
2016-11-11,10708.2600,10714.3300,10641.0100,10665.6900,10713.3600,530945504,8279095040.0000,3,0.011348,1,-0.445000,0
2016-11-14,10657.5100,10695.6500,10628.7200,10678.3400,10665.6900,584111504,9340947456.0000,3,0.012485,1,0.118700,0
2016-11-15,10674.1500,10735.6700,10657.7700,10734.2400,10678.3400,415539104,6714268928.0000,3,0.008882,1,0.523500,0
2016-11-16,10736.1800,10758.2100,10721.7900,10746.2500,10734.2400,353552608,5858163968.0000,3,0.007557,1,0.111800,0
2016-11-17,10745.4300,10752.9900,10689.1000,10750.8700,10746.2500,315505808,5026231552.0000,3,0.006744,1,0.043000,0
2016-11-18,10746.9600,10784.9000,10716.9000,10722.7500,10750.8700,315180000,5677552640.0000,3,0.006737,1,-0.261600,0
2016-11-21,10720.3100,10753.7200,10693.7800,10722.4600,10722.7500,382534496,7313920768.0000,3,0.008176,1,-0.002700,0
2016-11-22,10721.9700,10784.9400,10720.0800,10758.4000,10722.4600,396416208,7136154368.0000,3,0.008473,1,0.335100,0
2016-11-23,10766.0200,10773.0900,10680.4200,10703.9900,10758.4000,337682608,6256345600.0000,3,0.007218,1,-0.505700,0
2016-11-24,10700.3600,10754.5900,10682.9400,10719.3100,10703.9900,368116496,7720800512.0000,3,0.007868,1,0.143100,0
2016-11-25,10720.1800,10765.7800,10614.4200,10765.4100,10719.3100,449576400,7971853824.0000,3,0.009609,1,0.430100,0
2016-11-28,10770.9600,10794.4900,10725.2900,10741.1600,10765.4100,425183808,7994852608.0000,3,0.009088,1,-0.225200,0
2016-11-29,10726.5400,10810.4300,10710.2300,10736.4200,10741.1600,474583408,9263380736.0000,3,0.010144,1,-0.044200,0
2016-11-30,10723.2400,10741.3100,10658.0200,10681.5500,10736.4200,393073408,7019896320.0000,3,0.008401,1,-0.511100,0
2016-12-01,10675.5500,10726.2900,10675.5500,10724.4500,10681.5500,451341808,7788456960.0000,3,0.009647,1,0.401700,0
2016-12-02,10714.4900,10721.1900,10597.6300,10601.0900,10724.4500,441115408,8108184832.0000,3,0.009428,1,-1.150300,0
2016-12-05,10515.0800,10583.6000,10501.7900,10541.7300,10601.0900,377382896,7189410304.0000,3,0.008066,1,-0.559900,0
2016-12-06,10550.6700,10586.3200,10537.5500,10572.9700,10541.7300,283246496,5256050432.0000,3,0.006051,1,0.296300,0
2016-12-07,10579.4600,10665.1900,10572.5000,10664.5700,10572.9700,362242896,6556451328.0000,3,0.007738,1,0.866400,0
2016-12-08,10672.6100,10678.1000,10602.8700,10615.5500,10664.5700,326416304,5770064384.0000,3,0.006952,1,-0.459700,0
2016-12-09,10611.9700,10636.8300,10580.4600,10604.6000,10615.5500,301974000,5727062528.0000,3,0.006431,1,-0.103100,0
2016-12-12,10593.6700,10598.3900,10180.2700,10196.0100,10604.6000,495149600,8506191360.0000,3,0.010938,1,-3.852900,0
2016-12-13,10175.7200,10222.2600,10107.5000,10202.5100,10196.0100,286850704,4819002624.0000,3,0.006337,1,0.063800,0
2016-12-14,10195.5200,10201.1600,10104.3500,10121.7700,10202.5100,247801600,4108802256.0000,3,0.005474,1,-0.791400,0
2016-12-15,10118.4200,10195.5000,10094.1000,10132.9100,10121.7700,236306600,4107220176.0000,3,0.005220,1,0.110100,0
2016-12-16,10132.3500,10224.1000,10123.4300,10223.3500,10132.9100,210940500,3682074496.0000,3,0.004660,1,0.892500,0
2016-12-19,10219.2900,10228.9600,10186.0100,10210.6500,10223.3500,195300700,3323390656.0000,3,0.004314,1,-0.124200,0
2016-12-20,10212.6400,10228.1300,10179.4100,10227.0600,10210.6500,226885800,3817905536.0000,3,0.005012,1,0.160700,0
2016-12-21,10229.3800,10302.7500,10229.3800,10297.2400,10227.0600,226991800,3771246544.0000,3,0.005014,1,0.686200,0
2016-12-22,10303.0400,10322.0300,10275.7500,10309.1200,10297.2400,231731200,3817474192.0000,3,0.005119,1,0.115400,0
2016-12-23,10303.6500,10303.6500,10204.1400,10219.7800,10309.1200,199693500,3328796736.0000,3,0.004411,1,-0.866700,0
2016-12-26,10223.2500,10265.2100,10141.1900,10264.1200,10219.7800,215858700,4501176064.0000,3,0.004705,1,0.433900,0
2016-12-27,10259.3700,10291.2400,10249.3800,10272.7700,10264.1200,174180700,3054553344.0000,3,0.003796,1,0.084300,0
2016-12-28,10268.9100,10277.5500,10235.9400,10251.5900,10272.7700,197578600,3147204112.0000,3,0.004306,1,-0.206200,0
2016-12-29,10246.8700,10247.5100,10191.6600,10206.9500,10251.5900,221161300,3735089616.0000,3,0.004820,1,-0.435400,0
2016-12-30,10215.8500,10268.0100,10212.2100,10265.2300,10206.9500,227389600,4163997184.0000,3,0.004956,1,0.571000,0
2017-01-03,10275.1800,10349.3600,10253.1900,10349.3600,10265.2300,283447504,5049558528.0000,3,0.006178,1,0.819600,0
2017-01-04,10339.9300,10401.1800,10312.3200,10396.1400,10349.3600,267223000,4961802752.0000,3,0.005824,1,0.452100,0
2017-01-05,10390.0400,10410.8300,10374.6400,10382.5900,10396.1400,232520500,3997145744.0000,3,0.005068,1,-0.130400,0
2017-01-06,10375.4000,10378.2400,10309.7600,10325.9300,10382.5900,246988900,4371683328.0000,3,0.005383,1,-0.545700,0
2017-01-09,10325.9900,10397.2500,10323.3700,10396.3000,10325.9300,303395600,5269378816.0000,3,0.006613,1,0.681500,0
2017-01-10,10414.0800,10418.7600,10355.9600,10375.6100,10396.3000,269070608,4554126080.0000,3,0.005865,1,-0.199100,0
2017-01-11,10356.2400,10384.1300,10298.2200,10301.1600,10375.6100,252363400,3995126176.0000,3,0.005501,1,-0.717600,0
2017-01-12,10298.2500,10313.2500,10197.7400,10216.5900,10301.1600,252481100,4050520048.0000,3,0.005503,1,-0.820900,0
2017-01-13,10210.5100,10232.8900,10113.6600,10162.3200,10216.5900,253500500,4380292608.0000,3,0.005525,1,-0.531200,0
2017-01-16,10130.3600,10130.3600,9784.2090,9962.1450,10162.3200,500241808,8254733056.0000,3,0.010903,1,-1.969800,0
2017-01-17,9918.5170,9997.0880,9862.6970,9996.5140,9962.1450,228562300,3688477792.0000,3,0.004981,1,0.345000,0
2017-01-18,9976.5930,10013.7300,9954.4830,9984.6290,9996.5140,193079100,3400556768.0000,3,0.004207,1,-0.118900,0
2017-01-19,9987.4890,10015.9700,9951.5000,9979.7820,9984.6290,168567000,2887631456.0000,3,0.003673,1,-0.048500,0
2017-01-20,9972.8910,10102.9600,9966.7780,10083.9200,9979.7820,222874800,3694873968.0000,3,0.004857,1,1.043500,0
2017-01-23,10087.5300,10153.6400,10087.5300,10134.0200,10083.9200,205157600,3496382400.0000,3,0.004470,1,0.496900,0
2017-01-24,10127.4200,10128.4500,10083.6100,10097.5300,10134.0200,196265900,3194478464.0000,3,0.004277,1,-0.360200,0
2017-01-25,10099.4200,10162.1700,10083.9700,10162.1700,10097.5300,184450300,3298287552.0000,3,0.004019,1,0.640200,0
2017-01-26,10165.3000,10225.0400,10165.3000,10223.6300,10162.1700,179991200,3285555168.0000,3,0.003922,1,0.604800,0
2017-02-03,10224.7900,10232.2100,10145.1700,10186.3900,10223.6300,143920800,2588397008.0000,3,0.003136,1,-0.364200,0
2017-02-06,10184.2900,10253.5200,10183.8800,10252.5300,10186.3900,221014200,4096686880.0000,3,0.004816,1,0.649300,0
2017-02-07,10246.9600,10252.8300,10204.5300,10245.5500,10252.5300,189215700,3452667504.0000,3,0.004123,1,-0.068100,0
2017-02-08,10242.2100,10287.1300,10194.5000,10284.1200,10245.5500,198527600,3519467424.0000,3,0.004326,1,0.376400,0
2017-02-09,10285.2200,10322.3700,10279.4800,10306.9900,10284.1200,278537600,4776723200.0000,3,0.006069,1,0.222400,0
2017-02-10,10317.5200,10343.7800,10283.8400,10296.8300,10306.9900,311427904,5104924672.0000,3,0.006786,1,-0.098500,0
2017-02-13,10299.5700,10354.4800,10273.3400,10354.3700,10296.8300,381578608,6066413824.0000,3,0.008314,1,0.558900,0
2017-02-14,10351.8000,10351.8000,10289.9400,10320.8700,10354.3700,302847408,5079250944.0000,3,0.006599,1,-0.323600,0
2017-02-15,10321.3900,10346.0100,10234.7100,10249.6600,10320.8700,429128704,6270722048.0000,3,0.009351,1,-0.690000,0
2017-02-16,10232.9800,10273.3000,10214.2300,10271.3700,10249.6600,306297408,4697533952.0000,3,0.006674,1,0.211900,0
2017-02-17,10270.1800,10271.5200,10154.3200,10160.1400,10271.3700,321114800,4663456768.0000,3,0.006997,1,-1.083000,0
2017-02-20,10158.7200,10262.4300,10158.7200,10261.5300,10160.1400,326831600,5695739392.0000,3,0.007122,1,0.997900,0
2017-02-21,10265.7800,10339.9700,10261.1300,10338.2800,10261.5300,365202096,6044313088.0000,3,0.007958,1,0.747900,0
2017-02-22,10341.1500,10361.6300,10305.4700,10361.4200,10338.2800,330687696,5880398080.0000,3,0.007206,1,0.223900,0
2017-02-23,10355.5000,10497.7200,10314.9400,10480.4200,10361.4200,588162896,10380019456.0000,3,0.012816,1,1.148500,0
2017-02-24,10496.1500,10511.7200,10456.1400,10486.8800,10480.4200,466893696,8534743296.0000,3,0.010173,1,0.061600,0
2017-02-27,10492.6100,10501.4000,10401.1700,10413.9700,10486.8800,458675600,7563574528.0000,3,0.009994,1,-0.695200,0
2017-02-28,10399.6300,10425.6400,10364.2500,10406.1900,10413.9700,302277504,5227438592.0000,3,0.006586,1,-0.074700,0
2017-03-01,10403.1400,10455.6200,10391.2300,10404.1500,10406.1900,385499808,6909093888.0000,3,0.008400,1,-0.019600,0
2017-03-02,10408.4500,10416.0000,10340.1300,10344.8700,10404.1500,310924208,5316600576.0000,3,0.006775,1,-0.569700,0
2017-03-03,10332.2400,10360.8300,10302.7100,10359.6300,10344.8700,259224500,4511858944.0000,3,0.005648,1,0.142700,0
2017-03-06,10358.4700,10413.9600,10356.9800,10412.9900,10359.6300,282286496,4971702016.0000,3,0.006151,1,0.515000,0
2017-03-07,10410.5200,10457.6000,10391.0000,10456.0500,10412.9900,303965104,5470081792.0000,3,0.006623,1,0.413500,0
2017-03-08,10449.4800,10449.8600,10399.2700,10417.0000,10456.0500,268032800,4628398592.0000,3,0.005840,1,-0.373500,0
2017-03-09,10411.1400,10411.1400,10318.5100,10331.6800,10417.0000,282811504,4777679104.0000,3,0.006158,1,-0.819000,0
2017-03-10,10325.5600,10359.1700,10320.1700,10330.7500,10331.6800,241817100,4815244288.0000,3,0.005265,1,-0.009000,0
2017-03-13,10324.8200,10416.6700,10284.3900,10414.5900,10330.7500,297456208,6164378112.0000,3,0.006477,1,0.811600,0
2017-03-14,10421.1200,10444.9500,10381.9300,10417.8700,10414.5900,272843808,5253146880.0000,3,0.005916,1,0.031400,0
2017-03-15,10408.1900,10411.2000,10373.8900,10407.8000,10417.8700,244745000,4576534272.0000,3,0.005307,1,-0.096600,0
2017-03-16,10415.4800,10457.3300,10412.2800,10440.5500,10407.8000,331445808,5874308096.0000,3,0.007187,1,0.314700,0
2017-03-17,10446.5900,10469.2100,10360.6600,10374.4300,10440.5500,337362400,6003287808.0000,3,0.007315,1,-0.633300,0
2017-03-20,10361.0500,10435.5200,10351.4200,10433.9100,10374.4300,302587696,5635108608.0000,3,0.006561,1,0.573300,0
2017-03-21,10429.0400,10518.7400,10413.8800,10514.7300,10433.9100,370618400,7488992256.0000,3,0.008036,1,0.774600,0
2017-03-22,10472.6000,10591.5700,10455.3000,10585.2300,10514.7300,514158096,9953410304.0000,3,0.011149,1,0.670500,0
2017-03-23,10592.0200,10646.3900,10507.9100,10587.6000,10585.2300,464538800,8859312128.0000,3,0.010073,1,0.022300,0
2017-03-24,10599.4700,10612.4900,10561.7600,10607.3000,10587.6000,390369904,7013314048.0000,3,0.008465,1,0.186100,0
2017-03-27,10610.3600,10610.4000,10521.3900,10541.4900,10607.3000,402636496,7930343936.0000,3,0.008731,1,-0.620400,0
2017-03-28,10530.6800,10534.0000,10468.2500,10506.7100,10541.4900,310470208,5794443008.0000,3,0.006732,1,-0.329900,0
2017-03-29,10501.6100,10516.2000,10418.0500,10419.0500,10506.7100,384112704,7068206336.0000,3,0.008329,1,-0.834400,0
2017-03-30,10408.8900,10410.3200,10215.0200,10255.1100,10419.0500,402307296,6958872064.0000,3,0.008724,1,-1.573400,0
2017-03-31,10245.9300,10308.5800,10245.9300,10307.0900,10255.1100,294814896,5398607360.0000,3,0.006393,1,0.506900,0
2017-04-05,10294.4600,10426.1300,10294.4600,10423.6900,10307.0900,436064496,8299266048.0000,3,0.009456,1,1.131200,0
2017-04-06,10417.1400,10427.0700,10396.7000,10414.4900,10423.6900,336214896,6225368320.0000,3,0.007290,1,-0.088300,0
2017-04-07,10405.7700,10417.5100,10375.3900,10406.9700,10414.4900,294682704,5337094144.0000,3,0.006390,1,-0.072200,0
2017-04-10,10405.1700,10410.0200,10299.2500,10314.1600,10406.9700,328246496,6189637376.0000,3,0.007118,1,-0.891800,0
2017-04-11,10301.8300,10341.3100,10218.7800,10335.4700,10314.1600,381967904,6927162624.0000,3,0.008283,1,0.206600,0
2017-04-12,10325.1600,10328.2600,10271.6100,10310.9700,10335.4700,288117808,5070297344.0000,3,0.006248,1,-0.237000,0
2017-04-13,10292.9300,10362.3800,10271.0900,10347.8700,10310.9700,279020608,4974731776.0000,3,0.006050,1,0.357900,0
2017-04-14,10347.7100,10348.7000,10243.9200,10257.2400,10347.8700,301040304,4646303744.0000,3,0.006528,1,-0.875900,0
2017-04-17,10228.1000,10228.1000,10145.8400,10193.0900,10257.2400,334578208,5429070080.0000,3,0.007255,1,-0.625400,0
2017-04-18,10183.6800,10264.6400,10177.0300,10180.8200,10193.0900,363043904,6576222464.0000,3,0.007872,1,-0.120300,0
2017-04-19,10149.7300,10177.3700,10044.7200,10137.3200,10180.8200,340205696,6378184704.0000,3,0.007377,1,-0.427300,0
2017-04-20,10138.5400,10304.2900,10131.9700,10283.2100,10137.3200,454073008,9549246976.0000,3,0.009846,1,1.439100,0
2017-04-21,10272.3400,10332.7400,10226.3600,10263.9200,10283.2100,343301696,7061122816.0000,3,0.007444,1,-0.187600,0
2017-04-24,10222.2400,10225.6500,9997.5560,10080.2100,10263.9200,366129200,6935539456.0000,3,0.007939,1,-1.789800,0
2017-04-25,10063.4900,10101.3900,10040.8000,10065.9100,10080.2100,299651696,6018723072.0000,3,0.006498,1,-0.141900,0
2017-04-26,10054.1400,10148.3800,10051.6400,10083.2000,10065.9100,338470208,7120740096.0000,3,0.007339,1,0.171700,0
2017-04-27,10069.5600,10109.9500,9935.7390,10096.3100,10083.2000,369269008,7233046272.0000,3,0.008007,1,0.130000,0
2017-04-28,10081.6300,10091.9000,10013.1500,10047.4100,10096.3100,285047696,6355614720.0000,3,0.006181,1,-0.484300,0
2017-05-02,10021.3100,10025.8900,9974.5620,10021.5100,10047.4100,257459700,5041029376.0000,3,0.005583,1,-0.257800,0
2017-05-03,10003.4100,10029.0600,9972.6720,10017.3400,10021.5100,246950400,4695022848.0000,3,0.005355,1,-0.041600,0
2017-05-04,9981.5220,10038.2900,9937.5440,9986.7940,10017.3400,276325104,5159167488.0000,3,0.005992,1,-0.305000,0
2017-05-05,9953.1270,9962.7300,9861.8780,9863.7810,9986.7940,310718608,6362909184.0000,3,0.006738,1,-1.231800,0
2017-05-08,9832.1100,9832.1100,9738.7910,9742.9870,9863.7810,298194304,5820325888.0000,3,0.006466,1,-1.224600,0
2017-05-09,9720.1370,9728.4850,9612.2600,9714.8600,9742.9870,267478700,5211810816.0000,3,0.005800,1,-0.288700,0
2017-05-10,9722.3940,9757.8250,9593.9660,9599.8450,9714.8600,279474896,5083842304.0000,3,0.006060,1,-1.183900,0
2017-05-11,9565.6760,9566.9430,9399.2890,9556.8280,9599.8450,335711104,5760852480.0000,3,0.007280,1,-0.448100,0
2017-05-12,9526.6750,9578.9440,9489.1190,9556.9380,9556.8280,269779808,4533120256.0000,3,0.005846,1,0.001200,0
2017-05-15,9561.0830,9631.8320,9559.9870,9629.5630,9556.9380,223792000,4510592256.0000,3,0.004850,1,0.759900,0
2017-05-16,9618.0190,9813.3440,9576.8350,9811.6190,9629.5630,345068096,6350232576.0000,3,0.007478,1,1.890600,0
2017-05-17,9789.3140,9841.8360,9770.6090,9780.5900,9811.6190,299300608,5701817856.0000,3,0.006486,1,-0.316300,0
2017-05-18,9736.3800,9801.6630,9709.4690,9748.4200,9780.5900,218519000,4097625440.0000,3,0.004735,1,-0.328900,0
2017-05-19,9760.6750,9771.1280,9718.8180,9757.1470,9748.4200,182163900,3444847120.0000,3,0.003948,1,0.089500,0
2017-05-22,9758.2160,9804.6520,9660.7130,9701.0620,9757.1470,280346208,5086495744.0000,3,0.006075,1,-0.574800,0
2017-05-23,9682.4870,9720.8110,9579.2070,9588.2210,9701.0620,337892608,6745217024.0000,3,0.007322,1,-1.163200,0
2017-05-24,9567.5150,9593.3480,9447.9800,9592.2000,9588.2210,282992000,5598091264.0000,3,0.006133,1,0.041500,0
2017-05-25,9580.0140,9649.3430,9510.6650,9636.7620,9592.2000,272816704,5063319808.0000,3,0.005875,1,0.464600,0
2017-05-26,9636.3420,9655.3380,9585.9450,9608.0190,9636.7620,249230700,4785002496.0000,3,0.005367,1,-0.298300,0
2017-05-31,9671.5470,9706.2880,9564.2070,9588.9100,9608.0190,361928304,7080435712.0000,3,0.007716,1,-0.198900,0
2017-06-01,9580.1310,9592.5970,9522.7460,9529.3420,9588.9100,323977808,6491401216.0000,3,0.006844,1,-0.621200,0
2017-06-02,9505.2570,9556.1930,9410.8180,9534.2940,9529.3420,301736208,5575913472.0000,3,0.006374,1,0.052000,0
2017-06-05,9529.1220,9570.1300,9512.4310,9530.6180,9534.2940,244601000,4638836992.0000,3,0.005167,1,-0.038600,0
2017-06-06,9501.5990,9590.0930,9483.3310,9588.5820,9530.6180,293506496,4614245888.0000,3,0.006165,1,0.608200,0
2017-06-07,9583.2710,9739.7410,9569.4340,9736.7610,9588.5820,401059600,7302687232.0000,3,0.008424,1,1.545400,0
2017-06-08,9726.4410,9783.1040,9719.5650,9771.3670,9736.7610,331882496,6764958720.0000,3,0.006971,1,0.355400,0
2017-06-09,9765.5220,9782.5950,9744.2950,9771.9990,9771.3670,333476896,6276204544.0000,3,0.007004,1,0.006500,0
2017-06-12,9741.6000,9818.1160,9724.1710,9741.4070,9771.9990,334069104,7216252416.0000,3,0.007340,1,-0.313100,0
2017-06-13,9732.4410,9820.9630,9730.8530,9818.5780,9741.4070,270718608,5687733760.0000,3,0.005948,1,0.792200,0
2017-06-14,9798.9160,9804.6890,9715.8600,9732.1910,9818.5780,247548100,5647977216.0000,3,0.005439,1,-0.879800,0
2017-06-15,9719.6330,9799.3890,9700.0530,9798.3750,9732.1910,262339800,5389857280.0000,3,0.005764,1,0.680000,0
2017-06-16,9797.9700,9798.9320,9740.2150,9750.1820,9798.3750,198654000,4449958400.0000,3,0.004365,1,-0.491900,0
2017-06-19,9753.7940,9825.6890,9744.2880,9825.2000,9750.1820,251553600,4984773120.0000,3,0.005508,1,0.769400,0
2017-06-20,9828.3350,9841.9690,9771.8070,9779.7270,9825.2000,256515000,5322855168.0000,3,0.005617,1,-0.462800,0
2017-06-21,9802.6190,9883.3940,9770.8020,9882.0280,9779.7270,282228096,6664851968.0000,3,0.006180,1,1.046100,0
2017-06-22,9873.7470,9912.3790,9743.6710,9753.3460,9882.0280,388454896,8937973504.0000,3,0.008506,1,-1.302200,0
2017-06-23,9734.4140,9783.6700,9652.2830,9780.4470,9753.3460,343138208,7632183040.0000,3,0.007513,1,0.277900,0
2017-06-26,9786.1050,9924.0100,9783.4400,9922.0470,9780.4470,373697600,8548264704.0000,3,0.008182,1,1.447800,0
2017-06-27,9914.7060,9991.3100,9913.2370,9989.6860,9922.0470,318334496,6652968960.0000,3,0.006970,1,0.681700,0
2017-06-28,9969.7080,9970.0160,9897.8040,9915.2320,9989.6870,283017600,5958880512.0000,3,0.006197,1,-0.745300,0
2017-06-29,9915.1420,9958.7690,9913.1880,9956.6420,9915.2320,247841200,5487432448.0000,3,0.005427,1,0.417600,0
2017-06-30,9932.5940,10014.6900,9914.1090,10013.6200,9956.6430,268778400,5930242304.0000,3,0.005885,1,0.572200,0
2017-07-03,10024.2000,10058.2900,10005.2700,10055.9000,10013.6200,294054896,6564873728.0000,3,0.006437,1,0.422200,0
2017-07-04,10042.4500,10043.2700,9947.8270,9974.5290,10055.9000,281642800,6127230720.0000,3,0.006165,1,-0.809200,0
2017-07-05,9958.9560,10013.2200,9945.8680,10012.4600,9974.5290,275232608,6099937280.0000,3,0.006025,1,0.380300,0
2017-07-06,10009.9300,10017.9300,9884.5770,9947.3480,10012.4600,356609408,8182515456.0000,3,0.007806,1,-0.650300,0
2017-07-07,9928.9420,9928.9420,9893.0820,9925.5240,9947.3490,277447504,5956546816.0000,3,0.006073,1,-0.219400,0
2017-07-10,9908.2590,9908.2590,9836.3360,9856.7900,9925.5240,348136896,7569177600.0000,3,0.007620,1,-0.692500,0
2017-07-11,9842.1510,9889.6070,9819.7680,9830.1190,9856.7900,304427504,6150784256.0000,3,0.006664,1,-0.270600,0
2017-07-12,9820.1490,9835.4090,9695.4220,9768.7740,9830.1190,298740896,6017894400.0000,3,0.006539,1,-0.624000,0
2017-07-13,9787.1420,9820.1880,9758.8080,9817.6940,9768.7740,299128096,6383608320.0000,3,0.006547,1,0.500800,0
2017-07-14,9796.6840,9799.6720,9736.1730,9759.4580,9817.6940,220551800,4688668416.0000,3,0.004828,1,-0.593200,0
2017-07-17,9728.3100,9728.3100,9328.9460,9378.9350,9759.4580,398009504,7721661184.0000,3,0.008690,1,-3.899000,0
2017-07-18,9344.7970,9405.6810,9288.7620,9395.9050,9378.9350,310434608,6351573760.0000,3,0.006778,1,0.180900,0
2017-07-19,9378.1090,9512.8590,9351.6550,9509.4510,9395.9050,287930208,5572381952.0000,3,0.006287,1,1.208500,0
2017-07-20,9508.7030,9551.7970,9501.0430,9540.7240,9509.4510,285497200,5543938560.0000,3,0.006233,1,0.328900,0
2017-07-21,9527.0260,9541.4600,9500.2370,9511.7390,9540.7240,224120100,4313447936.0000,3,0.004893,1,-0.303800,0
2017-07-24,9487.9230,9539.0570,9464.6770,9530.2120,9511.7390,262049900,4780641024.0000,3,0.005722,1,0.194200,0
2017-07-25,9527.2090,9572.2810,9501.4880,9539.4180,9530.2120,243884100,4648317952.0000,3,0.005324,1,0.096600,0
2017-07-26,9530.7140,9539.9210,9411.9150,9451.7960,9539.4180,249855200,4779606528.0000,3,0.005455,1,-0.918500,0
2017-07-27,9443.1910,9526.5220,9388.5210,9523.5320,9451.7960,298809296,5302195200.0000,3,0.006524,1,0.759000,0
2017-07-28,9517.4210,9539.1650,9500.1360,9507.1320,9523.5320,224074600,4433733632.0000,3,0.004892,1,-0.172200,0
2017-07-31,9509.7910,9577.8930,9480.5740,9572.2280,9507.1320,292042304,5197755904.0000,3,0.006376,1,0.684700,0
2017-08-01,9565.9790,9575.0390,9515.7500,9552.9160,9572.2280,269700304,4581273600.0000,3,0.005887,1,-0.201700,0
2017-08-02,9544.7490,9556.2910,9461.6610,9476.7910,9552.9160,259160400,4486971136.0000,3,0.005657,1,-0.796900,0
2017-08-03,9462.0340,9506.2960,9449.1990,9467.8330,9476.7910,231826500,4172223040.0000,3,0.005061,1,-0.094500,0
2017-08-04,9457.7660,9475.5880,9434.5570,9439.7750,9467.8330,249493500,4163556944.0000,3,0.005434,1,-0.296300,0
2017-08-07,9453.5120,9559.8540,9453.5120,9556.7650,9439.7750,339693200,5022050048.0000,3,0.007399,1,1.239300,0
2017-08-08,9560.7820,9580.8160,9531.1620,9577.8360,9556.7650,364608400,5459256320.0000,3,0.007942,1,0.220500,0
2017-08-09,9584.2110,9681.1780,9568.0400,9669.7770,9577.8360,387244304,6622642944.0000,3,0.008435,1,0.959900,0
2017-08-10,9665.5680,9695.2740,9544.5680,9613.2240,9669.7770,349758208,5668957952.0000,3,0.007618,1,-0.584900,0
2017-08-11,9568.0300,9626.5040,9533.1130,9544.6840,9613.2240,349557008,5843846656.0000,3,0.007614,1,-0.713000,0
2017-08-14,9546.2000,9675.0730,9546.2000,9673.0710,9544.6840,285064096,5381061888.0000,3,0.006209,1,1.345100,0
2017-08-15,9673.1480,9680.8110,9605.8300,9643.2590,9673.0710,234745700,4154212672.0000,3,0.005113,1,-0.308200,0
2017-08-16,9638.4550,9695.9430,9616.7770,9686.5810,9643.2590,293896800,4833446144.0000,3,0.006401,1,0.449200,0
2017-08-17,9678.5010,9779.2710,9677.5980,9777.2460,9686.5810,356329504,5304658944.0000,3,0.007761,1,0.936000,0
2017-08-18,9744.1820,9786.9050,9721.7590,9774.3970,9777.2450,322666496,5114244352.0000,3,0.007028,1,-0.029100,0
2017-08-21,9776.9840,9823.9400,9776.9840,9823.4680,9774.3970,319351008,5598716672.0000,3,0.006956,1,0.502000,0
2017-08-22,9815.1860,9825.5480,9777.3260,9806.3010,9823.4680,276174704,4730039296.0000,3,0.006015,1,-0.174800,0
2017-08-23,9791.8920,9800.7930,9736.6790,9757.5330,9806.3010,215720600,3954818800.0000,3,0.004699,1,-0.497300,0
2017-08-24,9750.5280,9769.5070,9672.7150,9690.2450,9757.5330,422294304,4955109376.0000,3,0.009198,1,-0.689600,0
2017-08-25,9689.0830,9764.8890,9688.1630,9758.1760,9690.2450,368838208,4690260224.0000,3,0.008034,1,0.701000,0
2017-08-28,9775.2970,9832.0360,9773.0380,9811.7520,9758.1760,399644208,6730861568.0000,3,0.008705,1,0.549000,0
2017-08-29,9807.6680,9813.0800,9740.3600,9756.6250,9811.7520,339256608,6136080384.0000,3,0.007389,1,-0.561800,0
2017-08-30,9753.7380,9779.6000,9747.4510,9767.5180,9756.6250,364995504,6565081600.0000,3,0.007949,1,0.111600,0
2017-08-31,9758.4270,9782.9070,9711.2940,9768.3640,9767.5180,328278400,6412486656.0000,3,0.007149,1,0.008700,0
2017-09-01,9779.6200,9797.0450,9763.5770,9794.1840,9768.3640,440459008,7529310208.0000,3,0.009572,1,0.264300,0
2017-09-04,9786.0110,9821.2500,9751.4290,9820.0190,9794.1840,407691008,7026272256.0000,3,0.008860,1,0.263800,0
2017-09-05,9815.9850,9851.4100,9805.8160,9839.1670,9820.0190,345551504,5797078016.0000,3,0.007509,1,0.195000,0
2017-09-06,9824.7140,9824.7140,9770.8160,9809.4230,9839.1670,289678400,5211738368.0000,3,0.006295,1,-0.302300,0
2017-09-07,9806.9770,9860.1120,9796.3110,9826.4780,9809.4230,329382704,5894567168.0000,3,0.007158,1,0.173900,0
2017-09-08,9822.8410,9895.8270,9820.8640,9861.4320,9826.4780,301956896,5605876224.0000,3,0.006540,1,0.355700,0
2017-09-11,9859.4940,9873.6470,9818.4610,9850.4190,9861.4320,337186704,6103802880.0000,3,0.007303,1,-0.111700,0
2017-09-12,9850.2660,9854.4760,9784.5050,9812.2230,9850.4190,369872800,6532649216.0000,3,0.008011,1,-0.387800,0
2017-09-13,9803.4840,9843.6120,9784.6520,9843.0200,9812.2230,305233808,4783418624.0000,3,0.006611,1,0.313900,0
2017-09-14,9837.2390,9878.8930,9825.4830,9866.7670,9843.0200,345637696,6374384640.0000,3,0.007486,1,0.241300,0
2017-09-15,9863.9800,9870.3220,9830.4860,9863.6590,9866.7670,303985904,5807406848.0000,3,0.006584,1,-0.031500,0
2017-09-18,9863.4350,9909.8680,9862.8640,9901.8220,9863.6590,311242400,6018509312.0000,3,0.006741,1,0.386900,0
2017-09-19,9908.4370,9921.2090,9833.2820,9860.3190,9901.8220,283666496,5077589248.0000,3,0.006143,1,-0.419100,0
2017-09-20,9844.7190,9897.4410,9814.3300,9896.1540,9860.3190,320460096,5660080128.0000,3,0.006934,1,0.363400,0
2017-09-21,9894.6320,9897.3870,9827.0350,9829.2580,9896.1540,296778000,5175212544.0000,3,0.006422,1,-0.676000,0
2017-09-22,9814.8440,9825.0690,9771.5460,9797.0040,9829.2580,270739504,4948619008.0000,3,0.005858,1,-0.328100,0
2017-09-25,9792.1760,9881.0540,9784.9250,9840.0040,9797.0040,381193408,7226142464.0000,3,0.008248,1,0.438900,0
2017-09-26,9816.0500,9835.4820,9746.9320,9788.2170,9840.0040,283995504,5089310720.0000,3,0.006145,1,-0.526300,0
2017-09-27,9797.4570,9812.2750,9773.6290,9791.3020,9788.2170,222917400,4279316096.0000,3,0.004824,1,0.031500,0
2017-09-28,9796.8220,9813.5350,9781.2130,9805.8080,9791.3020,246288200,5296499968.0000,3,0.005329,1,0.148200,0
2017-09-29,9818.9560,9868.7980,9813.4790,9850.4100,9805.8080,246809400,5312004096.0000,3,0.005341,1,0.454900,0
2017-10-09,9937.8570,9979.9950,9937.5830,9971.5310,9850.4100,346255808,7324723712.0000,3,0.007453,1,1.229600,0
2017-10-10,9975.9020,10199.0000,9975.9020,10197.3500,9971.5310,626549200,11890935296.0000,3,0.013486,1,2.264600,0
2017-10-11,10244.8300,10344.0200,10229.0300,10244.5300,10197.3500,596043408,11864715520.0000,3,0.012829,1,0.462700,0
2017-10-12,10241.0500,10278.9000,10225.3800,10266.5800,10244.5300,412975008,7459121408.0000,3,0.008889,1,0.215300,0
2017-10-13,10262.8600,10346.7900,10251.0600,10294.9700,10266.5800,375434704,7168427776.0000,3,0.008081,1,0.276500,0
2017-10-16,10287.5700,10291.1800,10146.6200,10164.0800,10294.9700,388602800,7430311168.0000,3,0.008364,1,-1.271400,0
2017-10-17,10156.9900,10204.6100,10123.6900,10189.0100,10164.0800,271096208,5232743680.0000,3,0.005835,1,0.245200,0
2017-10-18,10192.8500,10290.3400,10179.4800,10251.8800,10189.0100,422053008,8463889408.0000,3,0.009084,1,0.617100,0
2017-10-19,10250.1400,10358.1200,10243.1000,10302.6800,10251.8800,478243296,9951740672.0000,3,0.010294,1,0.495500,0
2017-10-20,10284.9100,10309.6800,10236.2200,10308.9100,10302.6800,289809696,5871394304.0000,3,0.006238,1,0.060500,0
2017-10-23,10301.9600,10462.5600,10301.1100,10460.6900,10308.9100,424259600,8791192320.0000,3,0.009132,1,1.472300,0
2017-10-24,10471.7700,10471.7700,10418.1800,10465.2300,10460.6900,415823296,8542677248.0000,3,0.008950,1,0.043400,0
2017-10-25,10453.1800,10588.2100,10448.7500,10587.9500,10465.2300,450704800,9567520512.0000,3,0.009701,1,1.172700,0
2017-10-26,10569.9200,10640.2500,10525.9500,10548.3200,10587.9500,522200096,11633720576.0000,3,0.011240,1,-0.374300,0
2017-10-27,10535.0700,10564.1300,10489.0700,10554.9400,10548.3200,430551600,9245058304.0000,3,0.009267,1,0.062700,0
2017-10-30,10557.3300,10579.4100,10328.7300,10443.8600,10554.9400,518722896,11222947840.0000,3,0.011165,1,-1.052400,0
2017-10-31,10419.8300,10463.4500,10390.2600,10460.1900,10443.8600,413842896,8652486400.0000,3,0.008908,1,0.156400,0
2017-11-01,10465.4800,10479.2100,10409.0900,10424.6200,10460.1900,417666608,9184113408.0000,3,0.008990,1,-0.340100,0
2017-11-02,10405.2200,10420.8000,10353.3900,10374.5200,10424.6200,390743408,8185414912.0000,3,0.008410,1,-0.480600,0
2017-11-03,10361.2400,10396.3800,10284.1300,10330.7900,10374.5200,386615200,8780033024.0000,3,0.008320,1,-0.421500,0
2017-11-06,10333.5600,10647.4000,10322.0900,10644.6900,10330.7900,578301008,12903056896.0000,3,0.012445,1,3.038500,0
2017-11-07,10639.8900,10698.9300,10579.3700,10648.7500,10644.6900,604336608,14293229824.0000,3,0.013005,1,0.038200,0
2017-11-08,10653.8400,10693.8600,10576.8500,10592.8500,10648.7500,517648000,12079940608.0000,3,0.011140,1,-0.525000,0
2017-11-09,10580.5500,10655.5800,10552.4200,10653.3400,10592.8500,455324208,10639899904.0000,3,0.009798,1,0.571000,0
2017-11-10,10641.5300,10704.1100,10630.7000,10696.0100,10653.3400,535046496,11683136000.0000,3,0.011514,1,0.400500,0
2017-11-13,10687.7100,10709.5900,10648.3500,10673.6100,10696.0100,479427008,11294093824.0000,3,0.010317,1,-0.209500,0
2017-11-14,10667.6400,10673.6200,10505.0000,10518.8400,10673.6100,455805408,11115330816.0000,3,0.009809,1,-1.450000,0
2017-11-15,10516.0900,10548.2300,10457.7200,10520.4300,10518.8400,397553200,10166542080.0000,3,0.008527,1,0.015200,0
2017-11-16,10502.1400,10642.3800,10498.6100,10636.0900,10520.4300,446295504,10474011904.0000,3,0.009572,1,1.099300,0
2017-11-17,10616.7700,10616.7700,10382.5400,10395.2600,10636.0900,541911408,11765900288.0000,3,0.011623,1,-2.264200,0
2017-11-20,10341.7800,10463.3000,10205.6700,10460.2400,10395.2600,438777296,10415366400.0000,3,0.009350,1,0.625100,0
2017-11-21,10444.9900,10550.0000,10428.0200,10514.0100,10460.2400,476299296,11391125760.0000,3,0.010150,1,0.514000,0
2017-11-22,10521.5500,10527.6400,10346.5900,10401.4800,10514.0100,445133104,10697398272.0000,3,0.009486,1,-1.070200,0
2017-11-23,10381.2000,10381.8600,10119.2100,10121.9000,10401.4800,421323504,10292584960.0000,3,0.008978,1,-2.687900,0
2017-11-24,10092.3000,10167.7500,10063.2900,10127.1400,10121.9000,315731008,7182998528.0000,3,0.006712,1,0.051700,0
2017-11-27,10105.0000,10107.7400,10009.4300,10029.3200,10127.1400,266122400,5935921920.0000,3,0.005657,1,-0.965900,0
2017-11-28,10007.3000,10103.8500,10007.0300,10102.5100,10029.3200,234220800,5500787456.0000,3,0.004979,1,0.729800,0
2017-11-29,10092.8500,10103.7900,9955.5800,9993.7420,10102.5100,322675808,6794173440.0000,3,0.006860,1,-1.076700,0
2017-11-30,9977.5730,10020.9100,9922.4850,9950.4800,9993.7420,279518000,5735119104.0000,3,0.005942,1,-0.432900,0
2017-12-01,9961.7980,10051.9700,9945.0290,10012.8500,9950.4800,248712900,5333363968.0000,3,0.005287,1,0.626800,0
2017-12-04,9998.8680,10042.3700,9962.6620,9968.1550,10012.8500,258032400,5826318336.0000,3,0.005482,1,-0.446400,0
2017-12-05,9957.4580,9981.6870,9814.6020,9843.4330,9968.1550,320277600,6486609408.0000,3,0.006804,1,-1.251200,0
2017-12-06,9830.0300,9906.0980,9769.3400,9902.6680,9843.4330,256796900,5364688896.0000,3,0.005455,1,0.601800,0
2017-12-07,9899.1300,9913.4760,9867.2180,9888.2740,9902.6680,221270000,4632362752.0000,3,0.004701,1,-0.145400,0
2017-12-08,9885.1550,9984.9430,9882.6830,9967.6050,9888.2740,234425200,5456033536.0000,3,0.004980,1,0.802300,0
2017-12-11,9957.3430,10143.4600,9956.0170,10141.3400,9967.6050,348000800,9162285312.0000,3,0.007726,1,1.743000,0
2017-12-12,10139.3400,10143.1000,10050.9900,10053.1800,10141.3400,263044400,6714766848.0000,3,0.005840,1,-0.869300,0
2017-12-13,10050.2900,10123.3900,10049.5500,10122.0100,10053.1800,205024100,5312469504.0000,3,0.004552,1,0.684600,0
2017-12-14,10121.9800,10131.7300,10060.1100,10121.6100,10122.0100,262133700,7155692800.0000,3,0.005820,1,-0.003900,0
2017-12-15,10098.6400,10136.9100,10001.7300,10035.5600,10121.6100,283340304,7002952192.0000,3,0.006291,1,-0.850100,0
2017-12-18,10016.9300,10048.9500,9937.6620,9981.9900,10035.5600,248269100,5929556480.0000,3,0.005512,1,-0.533800,0
2017-12-19,9984.8880,10059.3700,9984.7330,10057.5800,9981.9900,222715200,5726782720.0000,3,0.004945,1,0.757300,0
2017-12-20,10062.2400,10067.2600,10001.8700,10020.8200,10057.5800,230043600,5697245696.0000,3,0.005108,1,-0.365500,0
2017-12-21,9989.5170,10100.6800,9941.9860,10093.8200,10020.8200,323695104,8186738944.0000,3,0.007183,1,0.728500,0
2017-12-22,10080.6800,10150.0400,10075.5700,10116.5900,10093.8200,259749900,6381134080.0000,3,0.005764,1,0.225600,0
2017-12-25,10118.3500,10154.6800,10049.3800,10135.0000,10116.5900,300845504,6892558848.0000,3,0.006670,1,0.182000,0
2017-12-26,10131.2500,10192.8500,10105.4700,10189.4000,10135.0000,284914896,7124857600.0000,3,0.006317,1,0.536700,0
2017-12-27,10206.1700,10206.4200,10076.5100,10091.4600,10189.4000,297573904,6916684544.0000,3,0.006598,1,-0.961100,0
2017-12-28,10078.3900,10151.5500,10049.2100,10144.0100,10091.4600,315644400,6803916544.0000,3,0.006998,1,0.520700,0
2017-12-29,10137.8500,10235.9300,10136.1400,10233.2100,10144.0100,321283200,6663342080.0000,3,0.007123,1,0.879400,0
2018-01-02,10256.6400,10332.7800,10248.7400,10326.8100,10233.2100,353640896,7939697920.0000,3,0.007841,1,0.914600,0
2018-01-03,10307.6200,10410.0400,10289.2500,10386.8000,10326.8100,432826496,9896749056.0000,3,0.009596,1,0.580900,0
2018-01-04,10361.2600,10410.5900,10346.2300,10387.5000,10386.8000,361568800,8305444864.0000,3,0.008017,1,0.006700,0
2018-01-05,10387.8700,10433.4600,10379.8200,10405.8200,10387.5000,357092800,8559063040.0000,3,0.007917,1,0.176400,0
2018-01-08,10399.3800,10473.6500,10368.0900,10471.0300,10405.8200,437346096,10119290880.0000,3,0.009697,1,0.626700,0
2018-01-09,10451.3700,10609.1800,10432.0200,10605.2800,10471.0300,525005008,12592235520.0000,3,0.011640,1,1.282100,0
2018-01-10,10590.6500,10593.1800,10415.3400,10484.0900,10605.2800,415132896,9849822464.0000,3,0.009204,1,-1.142700,0
2018-01-11,10466.7400,10524.1100,10434.3900,10488.3700,10484.0900,333442496,7678139648.0000,3,0.007393,1,0.040800,0
2018-01-12,10467.1500,10472.3000,10413.7900,10445.9300,10488.3700,352347408,8351728640.0000,3,0.007812,1,-0.404700,0
2018-01-15,10438.5600,10471.4600,10275.6200,10287.2900,10445.9300,550205904,12148098816.0000,3,0.012199,1,-1.518700,0
2018-01-16,10262.7800,10405.0300,10257.9400,10359.6100,10287.2900,483078896,11449760256.0000,3,0.010711,1,0.703100,0
2018-01-17,10346.7500,10355.4800,10245.1500,10303.5800,10359.6100,398904608,9297253120.0000,3,0.008844,1,-0.540900,0
2018-01-18,10303.5000,10374.6800,10301.9100,10333.8600,10303.5800,358323408,8410037248.0000,3,0.007945,1,0.293900,0
2018-01-19,10318.3400,10336.9900,10265.0900,10277.7100,10333.8600,417539504,9975068416.0000,3,0.009258,1,-0.543300,0
2018-01-22,10250.5600,10369.4800,10217.9800,10366.1500,10277.7100,363148304,8943043328.0000,3,0.008052,1,0.860400,0
2018-01-23,10365.4400,10375.4700,10292.7900,10328.8000,10366.1500,395765296,9181966848.0000,3,0.008769,1,-0.360300,0
2018-01-24,10338.8100,10427.6800,10308.8800,10423.8800,10328.8000,514676800,10332514816.0000,3,0.011404,1,0.920600,0
2018-01-25,10415.5600,10434.1700,10373.5300,10380.8800,10423.8800,466335808,10188549120.0000,3,0.010333,1,-0.412500,0
2018-01-26,10374.1200,10408.7600,10357.7800,10369.7900,10380.8800,404394496,8544572928.0000,3,0.008960,1,-0.106800,0
2018-01-29,10357.9500,10374.0000,10149.2000,10164.6600,10369.7900,475562800,10769819136.0000,3,0.010537,1,-1.978200,0
2018-01-30,10152.3800,10198.9900,10152.3800,10191.4700,10164.6600,368946608,7872158976.0000,3,0.008175,1,0.263800,0
2018-01-31,10177.8800,10177.8800,10039.3600,10100.0600,10191.4700,382454704,7764006656.0000,3,0.008474,1,-0.897000,0
2018-02-01,10103.6100,10146.5400,9813.7140,9833.2700,10100.0600,528667600,10779208192.0000,3,0.011714,1,-2.641500,0
2018-02-02,9774.1270,9862.5940,9650.5500,9837.8130,9833.2700,391743200,8114041344.0000,3,0.008680,1,0.046200,0
2018-02-05,9721.6740,9786.2650,9684.0050,9765.0770,9837.8130,353355904,7200986880.0000,3,0.007829,1,-0.739400,0
2018-02-06,9576.1380,9606.5400,9339.0770,9349.6670,9765.0770,488524800,10379360768.0000,3,0.010824,1,-4.254000,0
2018-02-07,9511.5700,9552.7060,9154.0890,9321.6480,9349.6670,423747296,8708507136.0000,3,0.009389,1,-0.299700,0
2018-02-08,9286.1790,9455.1370,9286.1790,9428.5250,9321.6480,298844000,5960774912.0000,3,0.006621,1,1.146500,0
2018-02-09,9220.8650,9245.2600,9004.2800,9138.5370,9428.5250,433178304,8450223360.0000,3,0.009598,1,-3.075600,0
2018-02-12,9162.9640,9416.2940,9162.9640,9381.1340,9138.5370,312504000,6573367808.0000,3,0.006924,1,2.654700,0
2018-02-13,9414.9340,9537.5340,9414.9340,9467.9300,9381.1340,295123008,6086370816.0000,3,0.006539,1,0.925200,0
2018-02-14,9465.3090,9488.7510,9426.6200,9485.1150,9467.9300,200543300,4281616400.0000,3,0.004443,1,0.181500,0
2018-02-22,9564.2780,9671.5660,9544.5170,9670.9290,9485.1150,266722200,5835232768.0000,3,0.005910,1,1.959000,0
2018-02-23,9697.9020,9721.7680,9661.4220,9717.8700,9670.9290,279808896,5769720576.0000,3,0.006200,1,0.485400,0
2018-02-26,9745.7260,9925.3050,9745.7260,9922.3430,9717.8700,375033904,7558197760.0000,3,0.008310,1,2.104100,0
2018-02-27,9922.3190,9956.1260,9886.8750,9915.8990,9922.3430,474403600,7866461184.0000,3,0.010511,1,-0.064900,0
2018-02-28,9862.1730,9907.9700,9801.1070,9857.6080,9915.8990,405257504,6590811648.0000,3,0.008979,1,-0.587900,0
2018-03-01,9836.8720,9998.6480,9813.2210,9995.9620,9857.6080,408198704,7112160768.0000,3,0.009044,1,1.403500,0
2018-03-02,9934.3380,9957.7380,9879.5650,9902.9130,9995.9620,335855296,6253730560.0000,3,0.007442,1,-0.930900,0
2018-03-05,9897.4900,10015.4100,9884.7470,10013.1000,9902.9130,329995504,6713486592.0000,3,0.007312,1,1.112700,0
2018-03-06,10055.9400,10247.0000,10055.9400,10245.4500,10013.1000,540562896,10670080000.0000,3,0.011977,1,2.320400,0
2018-03-07,10228.7300,10304.6300,10178.5800,10190.7900,10245.4500,396185296,7815714816.0000,3,0.008779,1,-0.533500,0
2018-03-08,10189.0900,10423.3600,10189.0900,10418.2000,10190.7900,491036800,10851423488.0000,3,0.010880,1,2.231500,0
2018-03-09,10415.4300,10521.3300,10392.1100,10512.9100,10418.2000,446308096,9793628928.0000,3,0.009889,1,0.909100,0
2018-03-12,10528.8300,10605.8600,10528.8300,10589.4000,10512.9100,468744096,10099545344.0000,3,0.010386,1,0.727600,0
2018-03-13,10568.9000,10568.9000,10409.9000,10415.9200,10589.4000,393558496,8431964160.0000,3,0.008721,1,-1.638300,0
2018-03-14,10390.7500,10428.4100,10315.5800,10324.9700,10415.9200,369718400,7572974592.0000,3,0.008192,1,-0.873100,0
2018-03-15,10293.7400,10356.4200,10223.2600,10303.1600,10324.9700,306812800,7363952640.0000,3,0.006798,1,-0.211300,0
2018-03-16,10315.1500,10379.6000,10302.2900,10308.3500,10303.1600,332822800,7454642944.0000,3,0.007375,1,0.050400,0
2018-03-19,10307.1500,10487.2000,10269.7300,10485.7600,10308.3500,378383904,9619233792.0000,3,0.008384,1,1.721100,0
2018-03-20,10422.6700,10811.0100,10395.4700,10783.3200,10485.7600,791039600,16631168512.0000,3,0.017528,1,2.837700,0
2018-03-21,10800.6700,10813.9600,10626.5700,10643.2900,10783.3200,614891296,12964189440.0000,3,0.013625,1,-1.298500,0
2018-03-22,10625.5800,10670.4400,10485.3500,10565.8300,10643.2900,426573904,9632270336.0000,3,0.009452,1,-0.727800,0
2018-03-23,10262.5200,10442.5000,9993.6410,10131.5100,10565.8300,637232704,13828292352.0000,3,0.014120,1,-4.110600,0
2018-03-26,10042.2200,10456.1300,9992.8920,10453.4400,10131.5100,557511504,13194129408.0000,3,0.012353,1,3.177600,0
2018-03-27,10536.0800,10731.8400,10522.1000,10679.5400,10453.4400,640691408,15550419712.0000,3,0.014197,1,2.162900,0
2018-03-28,10578.5000,10761.8400,10532.5400,10559.4100,10679.5400,554980000,13021095936.0000,3,0.012284,1,-1.124900,0
2018-03-29,10570.0600,10619.3300,10462.9200,10545.6800,10559.4100,433319904,10795150592.0000,3,0.009591,1,-0.130100,0
2018-03-30,10565.1400,10831.4300,10563.7600,10829.2000,10545.6800,538042400,12998098688.0000,3,0.011909,1,2.688500,0
2018-04-02,10850.6500,10909.4700,10810.2600,10855.7700,10829.2000,494918400,11818642432.0000,3,0.010955,1,0.245300,0
2018-04-03,10716.1100,10861.8700,10690.5000,10852.9100,10855.7700,479729600,11197903360.0000,3,0.010619,1,-0.026300,0
2018-04-04,10933.8900,11077.3700,10788.7900,10803.9900,10852.9100,586378496,13822658304.0000,3,0.012908,1,-0.450700,0
2018-04-09,10760.8700,10860.9200,10676.7400,10852.2100,10803.9900,436814208,10553801472.0000,3,0.009616,1,0.446300,0
2018-04-10,10857.3600,10917.8400,10749.3700,10913.6100,10852.2100,402293504,9481375488.0000,3,0.008856,1,0.565800,0
2018-04-11,10926.2500,10948.0100,10873.0500,10923.3500,10913.6100,458680704,11895894272.0000,3,0.010097,1,0.089200,0
2018-04-12,10903.7100,11015.6900,10876.2100,10961.0700,10923.3500,435841504,10482212608.0000,3,0.009595,1,0.345300,0
2018-04-13,11007.4700,11054.7600,10771.5200,10788.6200,10961.0700,476376896,12769718272.0000,3,0.010487,1,-1.573300,0
2018-04-16,10751.5400,10827.0300,10632.1900,10725.5800,10788.6200,418584704,10267681280.0000,3,0.009215,1,-0.584400,0
2018-04-17,10746.2800,10766.3600,10442.7000,10455.8900,10725.5800,360844096,9670696192.0000,3,0.007866,1,-2.514500,0
2018-04-18,10505.8100,10560.6900,10262.0000,10538.2700,10455.8900,420367008,10185937408.0000,3,0.009164,1,0.787900,0
2018-04-19,10518.6300,10612.7200,10500.6400,10570.9500,10538.2700,356452208,8740618496.0000,3,0.007771,1,0.310100,0
2018-04-20,10555.0700,10626.9900,10402.1900,10409.6400,10570.9500,349188400,8523334400.0000,3,0.007612,1,-1.525900,0
2018-04-23,10403.9700,10465.5000,10219.8600,10318.6300,10409.6400,327909808,8030249728.0000,3,0.007148,1,-0.874300,0
2018-04-24,10354.1100,10622.2600,10354.1100,10618.7500,10318.6300,365645296,8842050048.0000,3,0.007939,1,2.908500,0
2018-04-25,10606.8900,10873.8700,10594.0700,10856.9200,10618.7500,435912000,11682746624.0000,3,0.009348,1,2.243000,0
2018-04-26,10845.1900,10876.9800,10690.8600,10700.0100,10856.9200,376165200,9668407808.0000,3,0.008067,1,-1.445200,0
2018-04-27,10752.0800,10995.0400,10749.7700,10925.2600,10700.0100,504319600,13054654976.0000,3,0.010815,1,2.105100,0
2018-05-02,10957.2000,11117.3200,10946.4800,11055.5200,10925.2600,653911200,15008166656.0000,3,0.014023,1,1.192300,0
2018-05-03,11024.0200,11098.8000,10878.9700,11092.6500,11055.5200,544843600,11893059328.0000,3,0.011684,1,0.335800,0
2018-05-04,11028.4400,11289.1400,11014.6400,11227.8800,11092.6500,558406000,12573396736.0000,3,0.011975,1,1.219100,0
2018-05-07,11245.1700,11466.4800,11243.0600,11453.7200,11227.8800,578726208,13512424448.0000,3,0.012411,1,2.011400,0
2018-05-08,11457.4300,11502.3600,11409.8900,11456.0800,11453.7200,556623504,13106678528.0000,3,0.011937,1,0.020700,0
2018-05-09,11432.2900,11450.5000,11335.5900,11447.8400,11456.0800,426049808,10004521472.0000,3,0.009137,1,-0.072000,0
2018-05-10,11454.8700,11597.9800,11405.5300,11586.6700,11447.8400,527635904,13661786112.0000,3,0.011301,1,1.212700,0
2018-05-11,11585.6100,11727.8600,11310.9200,11317.9700,11586.6700,596703408,16032122880.0000,3,0.012773,1,-2.319000,0
2018-05-14,11275.1700,11317.3200,11162.0700,11311.8800,11317.9700,455714000,11960893696.0000,3,0.009755,1,-0.053800,0
2018-05-15,11323.8900,11574.2300,11317.1900,11571.6800,11311.8800,522296896,13810763520.0000,3,0.011180,1,2.296700,0
2018-05-16,11546.1200,11832.1600,11509.6000,11712.7200,11571.6800,714610896,17852423936.0000,3,0.015297,1,1.218800,0
2018-05-17,11693.4200,11695.6100,11504.0300,11539.8200,11712.7200,443868496,11442093824.0000,3,0.009499,1,-1.476100,0
2018-05-18,11521.2300,11575.9800,11378.8500,11514.9200,11539.8200,467810304,11097844224.0000,3,0.010011,1,-0.215800,0
2018-05-21,11565.3500,11586.3500,11470.8800,11577.4900,11514.9200,466663200,11303437312.0000,3,0.009986,1,0.543400,0
2018-05-22,11558.8900,11822.2300,11547.2900,11819.9500,11577.4900,512617008,13124494336.0000,3,0.010970,1,2.094200,0
2018-05-23,11816.4700,11975.5800,11793.3000,11800.8200,11819.9500,523893696,14207404800.0000,3,0.011211,1,-0.161800,0
2018-05-24,11794.9800,11944.2900,11777.0100,11893.1800,11800.8200,525758896,12819706624.0000,3,0.011251,1,0.782600,0
2018-05-25,11877.9200,12019.2300,11851.3300,11983.4800,11893.1800,545467296,15212823040.0000,3,0.011673,1,0.759300,0
2018-05-28,11950.8900,12122.5000,11812.1400,12048.4900,11983.4800,619914400,17795471872.0000,3,0.013116,1,0.542500,0
2018-05-29,12000.2100,12219.3100,11606.6700,11612.9600,12048.4900,771054304,22741918720.0000,3,0.016215,1,-3.614800,0
2018-05-30,11386.2200,11550.2800,11239.8500,11301.0900,11612.9600,669331600,17446427136.0000,3,0.014076,1,-2.685500,0
2018-05-31,11391.8100,11616.4700,11358.9100,11603.1500,11301.0900,505477104,14159798784.0000,3,0.010445,1,2.672800,0
2018-06-01,11554.3200,11613.5800,11130.2100,11256.0100,11603.1500,528932000,15057324544.0000,3,0.010929,1,-2.991800,0
2018-06-04,11285.4200,11321.1400,11082.6300,11235.5300,11256.0100,418513904,11607678976.0000,3,0.008645,1,-0.181900,0
2018-06-05,11239.2200,11571.0400,11239.2200,11566.4100,11235.5300,433013296,13163113728.0000,3,0.008945,1,2.945000,0
2018-06-06,11572.6400,11605.6500,11506.7200,11581.1000,11566.4100,384008496,11358675200.0000,3,0.007862,1,0.127000,0
2018-06-07,11623.6900,11640.4100,11417.2700,11435.4000,11581.1000,401631296,11349885696.0000,3,0.008223,1,-1.258000,0
2018-06-08,11409.2200,11445.0800,11262.7600,11367.9600,11435.4000,407019600,11158180864.0000,3,0.008334,1,-0.589800,0
2018-06-11,11324.3700,11338.7700,11082.4000,11124.5300,11367.9600,423204704,12606680320.0000,3,0.008665,1,-2.141400,0
2018-06-12,11144.7100,11299.1500,11023.3500,11292.9600,11124.5300,402963104,11458082560.0000,3,0.008313,1,1.514000,0
2018-06-13,11262.7600,11263.9000,11070.7300,11085.3200,11292.9600,339172896,9023578368.0000,3,0.006997,1,-1.838700,0
2018-06-14,11055.1000,11183.7100,10964.5700,11008.7800,11085.3200,327236704,8798680320.0000,3,0.006751,1,-0.690500,0
2018-06-15,10992.5300,11025.0900,10734.6400,10801.4400,11008.7800,417569408,9628670976.0000,3,0.008615,1,-1.883400,0
2018-06-19,10631.7000,10724.0300,10162.0800,10291.1400,10801.4400,588615504,14206412032.0000,3,0.012143,1,-4.724300,0
2018-06-20,10250.8300,10538.4700,10217.0400,10486.5400,10291.1400,456131200,11319449856.0000,3,0.009410,1,1.898800,0
2018-06-21,10499.1600,10686.7900,10395.2400,10406.3500,10486.5400,458740304,11218185472.0000,3,0.009441,1,-0.764700,0
2018-06-22,10325.1800,10561.5400,10255.7800,10559.2600,10406.3500,343901008,8455297536.0000,3,0.007077,1,1.469400,0
2018-06-25,10627.9500,10652.4500,10444.1200,10463.7800,10559.2600,341373808,8491503104.0000,3,0.006996,1,-0.904200,0
2018-06-26,10340.4000,10528.1700,10313.8800,10510.0300,10463.7800,350555696,8669948416.0000,3,0.007147,1,0.441900,0
2018-06-27,10505.4200,10558.5400,10265.8700,10298.5100,10510.0300,359068304,9577531904.0000,3,0.007320,1,-2.012500,0
2018-06-28,10238.7700,10321.6300,10167.0800,10179.3300,10298.5100,337565696,8672467968.0000,3,0.006882,1,-1.157200,0
2018-06-29,10188.3400,10494.6700,10144.5300,10489.4000,10179.3300,366871296,8680355072.0000,3,0.007479,1,3.046100,0
2018-07-02,10464.4200,10603.4900,10321.8400,10411.6600,10489.4000,582049296,10371905792.0000,3,0.011866,1,-0.741200,0
2018-07-03,10392.0100,10459.4800,10061.1600,10374.2100,10411.6600,540984800,12174262016.0000,3,0.011028,1,-0.359700,0
2018-07-04,10330.2300,10338.5800,10123.5000,10144.9200,10374.2100,351628096,7678081792.0000,3,0.007168,1,-2.210200,0
2018-07-05,10105.0700,10169.7700,9857.9300,9866.7060,10144.9200,412793008,9155014912.0000,3,0.008415,1,-2.742400,0
2018-07-06,9850.7050,9962.3180,9581.8910,9836.1090,9866.7060,498476704,10787359232.0000,3,0.010161,1,-0.310100,0
2018-07-09,9844.5980,10168.3000,9844.5980,10165.7200,9836.1090,461796496,10251193856.0000,3,0.009414,1,3.351000,0
2018-07-10,10182.6300,10328.2700,10154.6200,10324.1700,10165.7200,443775008,9567205632.0000,3,0.009046,1,1.558700,0
2018-07-11,10152.9000,10281.6800,10063.8100,10239.2700,10324.1700,425202208,9762355456.0000,3,0.008668,1,-0.822400,0
2018-07-12,10234.2400,10552.7500,10234.2400,10508.1100,10239.2700,535185600,12429258240.0000,3,0.010905,1,2.625600,0
2018-07-13,10501.3700,10820.1300,10494.6200,10747.9900,10508.1100,548701504,12963382016.0000,3,0.011178,1,2.282800,0
2018-07-16,10717.6500,10792.9300,10685.9400,10753.6600,10747.9900,406022896,9772359680.0000,3,0.008272,1,0.052700,0
2018-07-17,10744.5900,10794.6300,10570.4500,10695.5300,10753.6600,409856096,9711964672.0000,3,0.008350,1,-0.540500,0
2018-07-18,10699.9600,10818.8800,10665.2000,10671.0800,10695.5300,489591008,10809520384.0000,3,0.009965,1,-0.228600,0
2018-07-19,10674.6500,10710.5800,10444.2900,10516.4000,10671.0800,437369296,10017663488.0000,3,0.008902,1,-1.449600,0
2018-07-20,10491.0400,10615.1300,10444.4900,10594.7300,10516.4000,397780304,9032494336.0000,3,0.008063,1,0.744900,0
2018-07-23,10260.7000,10341.6200,10061.7900,10233.7300,10594.7300,725104304,17842687488.0000,3,0.014698,1,-3.407400,0
2018-07-24,10178.3300,10509.4400,10147.0000,10466.9700,10233.7300,639704896,14428635904.0000,3,0.012966,1,2.279200,0
2018-07-25,10445.7600,10535.9200,10434.4900,10519.5900,10466.9700,432768096,9756484608.0000,3,0.008772,1,0.502700,0
2018-07-26,10521.0000,10558.3500,10392.5400,10413.7900,10519.5900,412809296,8545868032.0000,3,0.008367,1,-1.005800,0
2018-07-27,10434.0700,10434.6600,10284.1500,10350.5800,10413.7900,470534400,9246389760.0000,3,0.009537,1,-0.607000,0
2018-07-30,10327.2800,10330.4500,9994.9430,10031.4600,10350.5800,563791200,11906921728.0000,3,0.011427,1,-3.083100,0
2018-07-31,10016.2900,10143.7800,9988.8280,10048.3000,10031.4600,359683904,7710011136.0000,3,0.007285,1,0.167900,0
2018-08-01,10060.9600,10092.0100,9835.9730,9857.8130,10048.3000,353214896,7810716928.0000,3,0.007151,1,-1.895700,0
2018-08-02,9845.7040,9847.5650,9542.4690,9775.1010,9857.8130,444248304,9458314496.0000,3,0.008994,1,-0.839100,0
2018-08-03,9733.9420,9759.9780,9533.0490,9539.8250,9775.1010,396875296,8812826112.0000,3,0.008034,1,-2.406900,0
2018-08-06,9464.5360,9464.5360,9141.9360,9187.3870,9539.8250,454921200,11073388544.0000,3,0.009210,1,-3.694400,0
2018-08-07,9202.3670,9380.9540,9027.7100,9379.1190,9187.3870,444169696,9707260160.0000,3,0.008992,1,2.086900,0
2018-08-08,9340.5930,9368.1330,9124.9340,9128.9520,9379.1190,364150896,6983379712.0000,3,0.007372,1,-2.667300,0
2018-08-09,9094.8330,9474.6210,9074.6840,9429.5540,9128.9520,428299408,9201993472.0000,3,0.008671,1,3.292800,0
2018-08-10,9428.8750,9653.5960,9418.8530,9599.7170,9429.5540,403322208,9079713280.0000,3,0.008165,1,1.804600,0
2018-08-13,9491.7980,9726.2510,9458.7820,9715.2740,9599.7170,374721696,7700438016.0000,3,0.007586,1,1.203800,0
2018-08-14,9713.5140,9743.2900,9628.1630,9663.3700,9715.2740,287997104,6119546624.0000,3,0.005830,1,-0.534300,0
2018-08-15,9667.7710,9672.9780,9374.3810,9379.0160,9663.3700,383796608,8329430016.0000,3,0.007770,1,-2.942600,0
2018-08-16,9266.1150,9432.3200,9182.0650,9314.3650,9379.0160,299989008,6575239424.0000,3,0.006073,1,-0.689300,0
2018-08-17,9369.9380,9415.8370,9034.6040,9055.8710,9314.3650,394481904,9241754368.0000,3,0.007964,1,-2.775200,0
2018-08-20,9061.8550,9113.8310,8814.2540,9018.4440,9055.8710,366893696,8473139200.0000,3,0.007392,1,-0.413300,0
2018-08-21,9041.5720,9317.0010,9038.9350,9316.6500,9018.4440,396822400,8748571136.0000,3,0.007995,1,3.306600,0
2018-08-22,9272.9270,9328.2910,9205.3330,9230.0470,9316.6500,346071408,7033008640.0000,3,0.006973,1,-0.929600,0
2018-08-23,9221.4680,9303.2070,9172.3700,9262.9690,9230.0470,353995104,7369760768.0000,3,0.007132,1,0.356700,0
2018-08-24,9240.3430,9314.6690,9179.7910,9254.5360,9262.9690,327741600,7003445760.0000,3,0.006603,1,-0.091000,0
2018-08-27,9256.4960,9555.2110,9256.1090,9527.7310,9254.5360,465755296,10953152768.0000,3,0.009384,1,2.952000,0
2018-08-28,9530.1120,9565.9330,9463.4700,9505.4290,9527.7310,388552896,8851745280.0000,3,0.007829,1,-0.234100,0
2018-08-29,9516.6490,9521.2330,9434.4910,9459.5060,9505.4290,316609808,6724659456.0000,3,0.006379,1,-0.483100,0
2018-08-30,9430.5720,9463.0400,9295.4160,9302.7380,9459.5060,293585200,6388713472.0000,3,0.005915,1,-1.657200,0
2018-08-31,9253.5090,9256.1220,9135.5750,9156.4400,9302.7370,391030496,9217158656.0000,3,0.007879,1,-1.572600,0
2018-09-03,9139.9510,9139.9510,8993.8940,9128.5640,9156.4400,346440304,7198927616.0000,3,0.006980,1,-0.304400,0
2018-09-04,9129.2790,9206.9430,9077.2720,9190.1830,9128.5640,319422208,7035563264.0000,3,0.006435,1,0.675000,0
2018-09-05,9178.4390,9193.7890,9044.3540,9044.3540,9190.1830,302047408,6417135104.0000,3,0.006085,1,-1.586800,0
2018-09-06,9018.0850,9084.0530,8911.8180,8947.8180,9044.3540,268480208,5850511104.0000,3,0.005409,1,-1.067400,0
2018-09-07,8967.9620,9159.4740,8962.2470,9048.3180,8947.8180,317967200,7130101504.0000,3,0.006406,1,1.123200,0
2018-09-10,9047.2520,9058.3120,8907.7500,8910.8990,9048.3180,269381600,5585454848.0000,3,0.005427,1,-1.518700,0
2018-09-11,8904.2930,8972.5100,8846.4240,8921.1460,8910.8990,226143400,4724506112.0000,3,0.004537,1,0.115000,0
2018-09-12,8914.2910,8923.5170,8791.3850,8797.5340,8921.1460,277960400,7086861056.0000,3,0.005576,1,-1.385600,0
2018-09-13,8878.5010,8926.0250,8561.9270,8732.9210,8797.5340,416563296,10499689984.0000,3,0.008357,1,-0.734400,0
2018-09-14,8725.8260,8725.8810,8627.2090,8632.7330,8732.9210,292214800,6545830400.0000,3,0.005865,1,-1.147200,0
2018-09-17,8603.7990,8603.7990,8461.8300,8464.8350,8632.7330,274390096,5839586560.0000,3,0.005507,1,-1.944900,0
2018-09-18,8460.0170,8639.7490,8455.7930,8638.3000,8464.8350,319752208,6974050304.0000,3,0.006417,1,2.049200,0
2018-09-19,8627.7240,8859.0380,8606.9370,8774.3380,8638.3000,363573600,8184412416.0000,3,0.007297,1,1.574800,0
2018-09-20,8776.9020,8834.5030,8746.6380,8765.2670,8774.3380,269845904,5497097216.0000,3,0.005416,1,-0.103400,0
2018-09-21,8780.7400,8963.3840,8743.6900,8951.9450,8765.2670,340731408,7221146112.0000,3,0.006839,1,2.129800,0
2018-09-25,8891.8290,8969.9840,8866.7150,8969.9840,8951.9450,285962208,5726883584.0000,3,0.005739,1,0.201500,0
2018-09-26,8971.2570,9137.2470,8956.1130,9057.4370,8969.9840,391594208,9037662976.0000,3,0.007859,1,0.974900,0
2018-09-27,9069.8400,9188.6350,9048.1760,9074.2880,9057.4370,372166496,7977241344.0000,3,0.007469,1,0.186100,0
2018-09-28,9076.4120,9185.8340,9075.2640,9185.7460,9074.2880,337159808,6908721152.0000,3,0.006767,1,1.228300,0
2018-10-08,9000.9090,9006.7380,8814.8060,8830.7270,9185.7460,327724496,7389019904.0000,3,0.006578,1,-3.864900,0
2018-10-09,8814.7370,8882.5650,8717.7560,8759.3320,8830.7270,244914100,5697589248.0000,3,0.004915,1,-0.808500,0
2018-10-10,8761.6030,8800.0860,8640.7700,8732.2650,8759.3320,242872800,5280151552.0000,3,0.004874,1,-0.309000,0
2018-10-11,8472.9330,8534.3060,8181.3810,8244.1340,8732.2650,468536304,8618768896.0000,3,0.009404,1,-5.590000,0
2018-10-12,8199.9770,8315.0980,8052.4300,8296.4050,8244.1340,469994896,8160646912.0000,3,0.009397,1,0.634000,0
2018-10-15,8319.7460,8390.6650,8142.0380,8150.4740,8296.4050,309229696,5803200256.0000,3,0.006183,1,-1.759000,0
2018-10-16,8124.8140,8174.9500,7894.1620,7945.1660,8150.4740,327725600,6289890304.0000,3,0.006505,1,-2.519000,0
2018-10-17,8009.7120,8056.5380,7741.4110,7930.1630,7945.1660,391615808,7022022144.0000,3,0.007774,1,-0.188800,0
2018-10-18,7872.3060,7880.6600,7707.1530,7727.3080,7930.1630,314446000,5862452224.0000,3,0.006242,1,-2.558000,0
2018-10-19,7599.1960,7920.7470,7577.9650,7910.0200,7727.3080,434697696,8354521344.0000,3,0.008629,1,2.364500,0
2018-10-22,7972.3790,8392.3840,7971.4440,8324.4880,7910.0200,1115687200,18578759424.0000,3,0.022146,1,5.239800,0
2018-10-23,8311.9660,8356.0430,8104.2820,8163.7520,8324.4880,719741696,12405944832.0000,3,0.014287,1,-1.930900,0
2018-10-24,8130.7490,8239.3900,8068.3090,8126.1200,8163.7520,513692896,8786122496.0000,3,0.010197,1,-0.461000,0
2018-10-25,7886.9560,8094.2830,7855.7050,8084.4030,8126.1200,479553600,8058400000.0000,3,0.009519,1,-0.513400,0
2018-10-26,8104.4380,8151.1820,8000.2360,8033.7700,8084.4030,534930304,8941261824.0000,3,0.010618,1,-0.626300,0
2018-10-29,8019.2740,8025.5920,7824.4640,7856.3850,8033.7700,510095408,8982217216.0000,3,0.010125,1,-2.208000,0
2018-10-30,7826.7780,8026.3120,7778.0540,7965.1980,7856.3850,493971008,8520559104.0000,3,0.009391,1,1.385000,0
2018-10-31,7977.3950,8195.0080,7975.1360,8161.9640,7965.1980,572280304,9602494208.0000,3,0.010880,1,2.470300,0
2018-11-01,8201.0290,8343.6290,8197.8600,8206.1350,8161.9640,617532208,10833642240.0000,3,0.011740,1,0.541200,0
2018-11-02,8342.7020,8538.7610,8342.7020,8536.8820,8206.1350,747128304,13255806976.0000,3,0.014204,1,4.030500,0
2018-11-05,8520.0070,8589.0140,8394.2890,8498.5350,8536.8820,562452000,9653819392.0000,3,0.010693,1,-0.449200,0
2018-11-06,8483.5820,8502.4990,8392.8510,8497.6550,8498.5350,419836208,6891103488.0000,3,0.007982,1,-0.010400,0
2018-11-07,8494.0350,8590.0040,8471.2230,8471.8340,8497.6550,438725696,7850387968.0000,3,0.008341,1,-0.303900,0
2018-11-08,8535.6520,8554.0660,8395.8160,8402.7150,8471.8340,356097008,6024789248.0000,3,0.006770,1,-0.815900,0
2018-11-09,8384.5680,8436.2980,8352.6320,8369.8850,8402.7150,387329696,6076318208.0000,3,0.007364,1,-0.390700,0
2018-11-12,8354.3300,8572.2830,8319.7660,8569.5750,8369.8850,470851104,7634888448.0000,3,0.008952,1,2.385800,0
2018-11-13,8486.2680,8752.2890,8460.9440,8716.0170,8569.5750,652638608,9912817920.0000,3,0.012408,1,1.708900,0
2018-11-14,8713.4860,8778.0260,8662.0600,8686.3530,8716.0170,556911408,8325807616.0000,3,0.010588,1,-0.340300,0
2018-11-15,8676.2490,8785.5080,8658.3810,8785.5080,8686.3530,497165696,8139005952.0000,3,0.009452,1,1.141500,0
2018-11-16,8785.1630,8810.1570,8691.2680,8762.1340,8785.5080,571452208,9697406720.0000,3,0.010864,1,-0.266100,0
2018-11-19,8757.6700,8771.9740,8693.5150,8765.5830,8762.1340,612854704,9634933504.0000,3,0.011651,1,0.039400,0
2018-11-20,8710.2640,8721.5450,8539.1770,8546.0260,8765.5830,466397504,7264639488.0000,3,0.008867,1,-2.504800,0
2018-11-21,8467.5340,8662.5570,8455.9430,8647.2000,8546.0260,400180608,6779657472.0000,3,0.007608,1,1.183900,0
2018-11-22,8673.7720,8744.6110,8659.7990,8714.1570,8647.2000,462457696,6947470592.0000,3,0.008792,1,0.774300,0
2018-11-23,8720.4750,8737.4900,8421.7850,8439.9350,8714.1570,523872400,7822960128.0000,3,0.009959,1,-3.146900,0
2018-11-26,8429.4070,8501.7010,8396.1560,8435.4170,8439.9350,330271408,5100115200.0000,3,0.006279,1,-0.053500,0
2018-11-27,8464.8240,8492.1420,8388.1940,8427.4290,8435.4170,301729808,4737472256.0000,3,0.005736,1,-0.094700,0
2018-11-28,8429.5390,8477.5340,8322.3050,8476.6170,8427.4290,423045008,6704252928.0000,3,0.008042,1,0.583700,0
2018-11-29,8510.2850,8546.2570,8338.7140,8342.5450,8476.6170,407975104,6273637120.0000,3,0.007756,1,-1.581700,0
2018-11-30,8336.7980,8421.2400,8285.8520,8418.9540,8342.5450,360272096,5992979456.0000,3,0.006847,1,0.915900,0
2018-12-03,8579.0730,8694.0730,8535.5810,8672.1520,8418.9540,611160608,10835991296.0000,3,0.011615,1,3.007500,0
2018-12-04,8653.3830,8781.4760,8627.9890,8780.8830,8672.1520,494725504,8193026304.0000,3,0.009403,1,1.253800,0
2018-12-05,8660.1640,8890.4430,8635.3940,8829.9470,8780.8830,513763904,9325250048.0000,3,0.009764,1,0.558800,0
2018-12-06,8780.5690,8815.2330,8548.4230,8576.8570,8829.9470,589953104,11671999232.0000,3,0.011212,1,-2.866300,0
2018-12-07,8552.0120,8561.1910,8287.8900,8303.8140,8576.8570,636663008,12180085504.0000,3,0.012100,1,-3.183500,0
2018-12-10,8233.4200,8259.3290,8158.1960,8171.4760,8303.8140,453342800,7812285184.0000,3,0.008616,1,-1.593700,0
2018-12-11,8205.3450,8263.9930,8195.6040,8254.0310,8171.4760,318003904,6075472896.0000,3,0.006044,1,1.010300,0
2018-12-12,8283.1640,8296.5170,8193.0050,8208.9770,8254.0310,270836304,5199026176.0000,3,0.005149,1,-0.545900,0
2018-12-13,8224.1470,8362.3940,8211.2210,8321.0480,8208.9770,383392208,6979794176.0000,3,0.007289,1,1.365200,0
2018-12-14,8306.0530,8306.2560,8116.0760,8130.4940,8321.0480,391677600,7012236032.0000,3,0.007447,1,-2.290000,0
2018-12-17,8074.0230,8091.0540,7938.4030,8022.6820,8130.4940,321979696,6920534528.0000,3,0.006122,1,-1.326000,0
2018-12-18,7996.2040,8066.5070,7932.2780,8003.0220,8022.6820,279455200,5212332800.0000,3,0.005497,1,-0.245100,0
2018-12-19,7998.7080,8011.3130,7818.9070,7822.9850,8003.0220,312732304,6194958336.0000,3,0.006152,1,-2.249600,0
2018-12-20,7802.3220,7835.2690,7750.6460,7806.4320,7822.9850,286472304,6354781952.0000,3,0.005635,1,-0.211600,0
2018-12-21,7785.6890,7797.2850,7671.8470,7717.7490,7806.4320,298161200,6742542336.0000,3,0.005865,1,-1.136000,0
2018-12-24,7711.0960,7860.5030,7702.6440,7849.2530,7717.7490,251221300,5262690304.0000,3,0.004942,1,1.703900,0
2018-12-25,7793.0490,7836.1860,7670.4040,7813.5990,7849.2530,306826896,5633056512.0000,3,0.006036,1,-0.454200,0
2018-12-26,7809.4130,7856.1500,7765.4730,7767.4920,7813.5990,249531500,4406666752.0000,3,0.490855,1,-0.590100,0
2018-12-27,7858.5420,7878.5430,7677.7330,7677.7330,7767.4920,321698496,5634340608.0000,3,0.632815,1,-1.155600,0
2018-12-28,7681.9820,7708.6000,7608.8270,7689.1540,7677.7330,308548208,5509004800.0000,3,0.606947,1,0.148800,0
2019-01-02,7683.6930,7684.6030,7433.6980,7440.5700,7689.1540,335063104,6595891456.0000,3,0.659105,1,-3.232900,0
2019-01-03,7423.4110,7468.9130,7302.9070,7312.4800,7440.5700,317937408,6224932352.0000,3,0.625417,1,-1.721500,0
2019-01-04,7247.4660,7479.8880,7240.5220,7467.1890,7312.4800,523202400,7833871616.0000,3,1.029195,1,2.115700,0
2019-01-07,7506.5120,7539.8510,7463.4230,7526.1640,7467.1890,464434304,6975874048.0000,3,0.913592,1,0.789800,0
2019-01-08,7515.1830,7531.0520,7483.1880,7511.7590,7526.1640,338964800,4983132928.0000,3,0.666780,1,-0.191400,0
2019-01-09,7528.8810,7664.7800,7525.6590,7563.1100,7511.7590,534201296,7598603520.0000,3,1.050831,1,0.683600,0
2019-01-10,7569.9630,7580.7670,7509.7280,7519.1430,7563.1100,411103600,5805741312.0000,3,0.808685,1,-0.581300,0
2019-01-11,7511.5520,7548.0060,7460.8450,7544.3330,7519.1430,301796304,4645859072.0000,3,0.591843,1,0.335000,0
2019-01-14,7542.8230,7547.7750,7423.6080,7442.7550,7544.3330,345858208,5010651904.0000,3,0.678251,1,-1.346400,0
2019-01-15,7445.2850,7566.4310,7425.8160,7566.4310,7442.7550,383417408,6136184576.0000,3,0.751907,1,1.661700,0
2019-01-16,7564.8580,7647.1620,7546.7060,7631.1570,7566.4310,370781408,5975984640.0000,3,0.727127,1,0.855400,0
2019-01-17,7626.9560,7639.4080,7564.5500,7572.8360,7631.1570,369559008,5611877888.0000,3,0.724730,1,-0.764300,0
2019-01-18,7568.1360,7747.9020,7568.1360,7743.8160,7572.8360,477997008,7875550464.0000,3,0.937384,1,2.257800,0
2019-01-21,7747.6140,7851.0570,7745.9900,7787.1920,7743.8160,429382896,7526310400.0000,3,0.842048,1,0.560100,0
2019-01-22,7779.2580,7779.2580,7644.6700,7667.6530,7787.1920,382687600,5939425536.0000,3,0.750476,1,-1.535100,0
2019-01-23,7633.0280,7662.2580,7587.6120,7623.2780,7667.6530,325857104,4587565056.0000,3,0.638927,1,-0.578700,0
2019-01-24,7624.7600,7649.7910,7565.2370,7634.6660,7623.2780,320504096,5094999296.0000,3,0.628432,1,0.149400,0
2019-01-25,7642.3340,7684.7950,7616.0650,7616.8550,7634.6660,401025504,5487399936.0000,3,0.786315,1,-0.233300,0
2019-01-28,7658.5680,7675.2590,7542.7110,7544.5030,7616.8550,497196304,7972228096.0000,3,0.974882,1,-0.949900,0
2019-01-29,7536.5560,7540.1990,7383.3180,7455.2920,7544.5030,430033008,6336704768.0000,3,0.843191,1,-1.182500,0
2019-01-30,7426.9270,7486.3130,7399.8690,7400.8990,7455.2920,364855104,5110070272.0000,3,0.715393,1,-0.729600,0
2019-01-31,7383.4780,7420.2730,7294.0570,7334.7240,7400.8990,401736208,6380906240.0000,3,0.787708,1,-0.894100,0
2019-02-01,7364.3820,7571.0350,7360.7520,7568.6060,7334.7240,473243808,7068808960.0000,3,0.927917,1,3.188700,0
2019-02-11,7550.8040,7737.0300,7539.6690,7735.0480,7568.6060,533953696,8163404544.0000,3,1.046955,1,2.199100,0
2019-02-12,7738.5860,7960.1980,7735.9970,7931.8060,7735.0480,776337200,11875151360.0000,3,1.522211,1,2.543700,0
2019-02-13,7942.5440,8041.3200,7893.5650,8020.3890,7931.8060,734362608,11155611904.0000,3,1.439909,1,1.116800,0
2019-02-14,8006.6810,8112.0820,7982.7880,8081.5110,8020.3890,604088704,9277071104.0000,3,1.184473,1,0.762100,0
2019-02-15,8075.0030,8114.0160,8012.3500,8027.9640,8081.5110,695506496,10002148096.0000,3,1.363721,1,-0.662600,0
2019-02-18,8058.1390,8310.1370,8058.1390,8310.1370,8027.9640,798169104,12784595712.0000,3,1.565018,1,3.514900,0
2019-02-19,8327.1080,8369.9080,8180.7640,8252.9360,8310.1370,843566704,13427224832.0000,3,1.652272,1,-0.688300,0
2019-02-20,8243.9980,8249.8020,8111.9720,8197.7800,8252.9360,654403408,10613181184.0000,3,1.282016,1,-0.668300,0
2019-02-21,8208.8650,8306.9650,8160.2490,8176.0850,8197.7800,781663504,11674050304.0000,3,1.531327,1,-0.264600,0
2019-02-22,8191.9520,8307.6030,8141.4780,8307.6030,8176.0850,1032568896,12909120256.0000,3,2.022866,1,1.608600,0
2019-02-25,8337.5010,8678.2000,8337.5010,8677.6640,8307.6030,1469986096,22422893824.0000,3,2.879793,1,4.454500,0
2019-02-26,8689.0000,9010.9780,8622.2120,8774.2920,8677.6640,1502223600,24568174080.0000,3,2.942948,1,1.113500,0
2019-02-27,8741.7170,8812.8580,8583.9130,8655.5920,8774.2920,986243104,16098213632.0000,3,1.932111,1,-1.352800,0
2019-02-28,8665.1870,8848.9310,8663.1060,8810.6050,8655.5920,1092552896,17409714432.0000,3,2.140378,1,1.790900,0
2019-03-01,8846.4760,8880.8490,8717.2140,8811.6410,8810.6050,984073200,15413462784.0000,3,1.927860,1,0.011700,0
2019-03-04,8865.8410,9084.1690,8863.6110,8952.5070,8811.6410,1341526800,22575433216.0000,3,2.628133,1,1.598600,0
2019-03-05,8923.5180,9064.0080,8879.8890,9064.0080,8952.5070,1080069808,16979401728.0000,3,2.115923,1,1.245500,0
2019-03-06,9085.6260,9205.0700,9023.2720,9205.0700,9064.0080,1350712208,20911527168.0000,3,2.646128,1,1.556300,0
2019-03-07,9201.1030,9284.8330,9100.3240,9225.8810,9205.0700,1455433600,22020371200.0000,3,2.851284,1,0.226100,0
2019-03-08,9061.4220,9263.7780,8918.8000,8919.7640,9225.8810,1368131904,20478437376.0000,3,2.680254,1,-3.318000,0
2019-03-11,8996.7340,9273.7860,8996.7340,9273.7860,8919.7640,1068869296,17181533696.0000,3,2.093980,1,3.969000,0
2019-03-12,9358.3370,9486.6160,9273.7850,9402.2800,9273.7860,1251209408,20882339072.0000,3,2.451196,1,1.385600,0
2019-03-13,9390.2850,9482.5040,9247.1650,9300.9710,9402.2800,1165195008,19090256128.0000,3,2.282688,1,-1.077500,0
2019-03-14,9256.8080,9349.5150,9057.7920,9156.0630,9300.9710,1060555504,16221888512.0000,3,2.077693,1,-1.558000,0
2019-03-15,9185.0850,9358.4040,9180.6370,9291.2820,9156.0630,886290800,15914539520.0000,3,1.736298,1,1.476800,0
2019-03-18,9332.3460,9667.6580,9279.6050,9667.6580,9291.2820,1163183200,22153294080.0000,3,2.278747,1,4.050900,0
2019-03-19,9682.8300,9707.2580,9582.1820,9636.8270,9667.6580,1072318208,19132449024.0000,3,2.100737,1,-0.318900,0
2019-03-20,9615.0540,9671.1260,9468.3810,9631.9580,9636.8270,1092163296,18169066752.0000,3,2.139615,1,-0.050500,0
2019-03-21,9650.0490,9776.6940,9633.2600,9711.6690,9631.9580,1286444608,19266698240.0000,3,2.520224,1,0.827600,0
2019-03-22,9687.0210,9774.2470,9565.2630,9774.2470,9711.6690,1056609904,17201134080.0000,3,2.069964,1,0.644400,0
2019-03-25,9606.6260,9800.7670,9584.2620,9628.8600,9774.2470,1124750496,18775664640.0000,3,2.203455,1,-1.487400,0
2019-03-26,9710.3620,9746.8970,9355.1990,9391.3460,9628.8600,1132161808,18004593408.0000,3,2.217974,1,-2.466700,0
2019-03-27,9434.6250,9692.7010,9426.3620,9692.7010,9391.3460,1324717408,21130377216.0000,3,2.595203,1,3.208900,0
2019-03-28,9681.0210,9681.0210,9481.6530,9482.4670,9692.7010,1511342496,21109342720.0000,3,2.960813,1,-2.169000,0
2019-03-29,9456.5430,9704.8280,9381.8860,9692.7110,9482.4670,1347047408,20625506560.0000,3,2.601540,1,2.217200,0
2019-04-01,9744.7950,9969.3570,9744.7950,9960.9430,9692.7110,1542133200,24505862144.0000,3,2.978308,1,2.767400,0
2019-04-02,9986.4110,10018.4100,9905.0210,9941.8580,9960.9430,1418836304,21852975872.0000,3,2.740181,1,-0.191600,0
2019-04-03,9886.7850,10007.2600,9841.0470,9990.1220,9941.8580,1249364400,19040640512.0000,3,2.412882,1,0.485500,0
2019-04-04,10013.2200,10068.1600,9946.1630,10024.0300,9990.1220,1341643408,20742555136.0000,3,2.591099,1,0.339400,0
2019-04-08,10085.3000,10147.4700,9944.9790,10099.8200,10024.0300,1701770704,26444878336.0000,3,3.286608,1,0.756000,0
2019-04-09,10069.3800,10188.2600,9973.2810,10174.8900,10099.8200,1233506400,20786432768.0000,3,2.382255,1,0.743300,0
2019-04-10,10124.8500,10444.8600,10105.2800,10367.8800,10174.8900,1576346608,27472119552.0000,3,3.044378,1,1.896700,0
2019-04-11,10416.0800,10482.8700,10093.9900,10093.9900,10367.8800,1547097504,25066285568.0000,3,2.983631,1,-2.641700,0
2019-04-12,10031.7500,10068.7400,9894.2130,9954.9290,10093.9900,1006287296,15405275392.0000,3,1.940660,1,-1.377600,0
2019-04-15,10055.0900,10144.6000,9820.6930,9826.7340,9954.9290,831325296,14871809024.0000,3,1.602802,1,-1.287700,0
2019-04-16,9817.6860,9975.4810,9745.9730,9975.4810,9826.7340,781842304,13249940736.0000,3,1.507236,1,1.513700,0
2019-04-17,9978.1600,10018.0100,9912.4210,10003.8400,9975.4810,820077904,13099183360.0000,3,1.580946,1,0.284300,0
2019-04-18,9985.8120,9986.4770,9883.9680,9889.6510,10003.8400,683761408,10610158080.0000,3,1.318155,1,-1.141500,0
2019-04-19,9883.6170,9959.6290,9820.2990,9924.4590,9889.6510,549998000,9499070208.0000,3,1.060286,1,0.352000,0
2019-04-22,9951.0870,9961.1340,9765.5800,9785.5140,9924.4590,759428400,13448749056.0000,3,1.464026,1,-1.400000,0
2019-04-23,9771.4690,9815.4360,9684.9050,9705.1010,9785.5140,826891904,13555857152.0000,3,1.594082,1,-0.821800,0
2019-04-24,9710.4840,9727.7730,9571.0900,9721.3410,9705.1010,789711408,11758653696.0000,3,1.522406,1,0.167300,0
2019-04-25,9673.0450,9733.5960,9493.2290,9509.3560,9721.3410,868276704,13975981824.0000,3,1.673864,1,-2.180600,0
2019-04-26,9517.3930,9550.0660,9404.2910,9417.7920,9509.3560,707635696,12549827840.0000,3,1.364180,1,-0.962900,0
2019-04-29,9410.4820,9570.2740,9337.4790,9411.0530,9417.7920,865126896,16382641664.0000,3,1.667792,1,-0.071600,0
2019-04-30,9374.8800,9567.5770,9374.8800,9516.3180,9411.0530,590488496,11573985792.0000,3,1.138344,1,1.118500,0
2019-05-06,9159.3430,9232.7120,8826.6260,8905.0050,9516.3180,797748400,15289110272.0000,3,1.537899,1,-6.423800,0
2019-05-07,8928.2270,9167.6580,8928.2270,9130.2800,8905.0050,691676000,13847619840.0000,3,1.333413,1,2.529800,0
2019-05-08,8963.1520,9255.9740,8920.5410,9068.3640,9130.2800,616228096,11231572992.0000,3,1.187964,1,-0.678100,0
2019-05-09,8967.0010,9021.8130,8802.8330,8820.7320,9068.3640,504998304,10033225472.0000,3,0.962139,1,-2.730700,0
2019-05-10,8897.8290,9077.7510,8729.4580,9072.3280,8820.7320,999919904,13458294016.0000,3,1.905056,1,2.852300,0
2019-05-13,8963.6050,9068.0350,8906.1500,9013.0540,9072.3280,765819600,10316115712.0000,3,1.459046,1,-0.653400,0
2019-05-14,8917.5830,9032.5120,8903.4920,8923.7560,9013.0540,650219408,9748717568.0000,3,1.238804,1,-0.990800,0
2019-05-15,8997.7940,9134.2250,8985.8300,9123.5670,8923.7560,744230896,11701587712.0000,3,1.417915,1,2.239100,0
2019-05-16,9111.3510,9253.2550,9095.5210,9251.1700,9123.5670,749928096,10936772864.0000,3,1.428770,1,1.398600,0
2019-05-17,9248.5800,9248.5800,8970.3220,8995.4880,9251.1700,926305808,12984960000.0000,3,1.764355,1,-2.763800,0
2019-05-20,8974.8710,8986.2810,8725.9080,8856.9820,8995.4880,448725008,8932595712.0000,3,0.854696,1,-1.539700,0
2019-05-21,8865.3600,9037.1960,8835.6360,8993.9870,8856.9820,367605808,7099014400.0000,3,0.700187,1,1.546900,0
2019-05-22,9005.2790,9030.3150,8909.3360,8939.7480,8993.9870,321760800,6489068800.0000,3,0.612434,1,-0.603100,0
2019-05-23,8907.1470,8907.1470,8705.9270,8718.6640,8939.7480,329354608,6404542976.0000,3,0.626888,1,-2.473000,0
2019-05-24,8690.3490,8763.4760,8641.8190,8689.9370,8718.6640,307418208,5407287040.0000,3,0.585135,1,-0.329500,0
2019-05-27,8703.8870,8876.5510,8640.6730,8848.5440,8689.9370,372229104,6959305728.0000,3,0.708285,1,1.825200,0
2019-05-28,8840.1080,8918.8970,8807.7650,8845.9730,8848.5440,404396896,7687891968.0000,3,0.769494,1,-0.029100,0
2019-05-29,8814.7980,8860.0250,8766.3680,8818.0220,8845.9730,290052400,5204610816.0000,3,0.551917,1,-0.316000,0
2019-05-30,8778.2740,8778.2740,8668.1120,8748.2850,8818.0220,407857104,6069993984.0000,3,0.776078,1,-0.790800,0
2019-05-31,8744.8470,8801.9980,8725.6610,8748.3920,8748.2850,345709904,6378046976.0000,3,0.656079,1,0.001200,0
2019-06-03,8748.9570,8787.4450,8602.2320,8642.7610,8748.3920,365664304,6509280256.0000,3,0.693948,1,-1.207400,0
2019-06-04,8628.7290,8639.9750,8452.5380,8473.7610,8642.7610,326118896,6254164992.0000,3,0.616326,1,-1.955400,0
2019-06-05,8528.4640,8554.4210,8291.4510,8302.0760,8473.7610,493605696,10104632576.0000,3,0.932268,1,-2.026100,0
2019-06-06,8286.0140,8286.0140,8101.9230,8112.0930,8302.0760,441310208,7449256960.0000,3,0.833498,1,-2.288400,0
2019-06-10,8127.7720,8224.5760,8072.7720,8191.8180,8112.0930,304736096,5599052544.0000,3,0.575552,1,0.982800,0
2019-06-11,8191.7960,8479.5780,8190.3800,8474.2370,8191.8180,440155904,8169234688.0000,3,0.831318,1,3.447600,0
2019-06-12,8456.8160,8505.6930,8402.2640,8434.6120,8474.2370,704392704,7084771072.0000,3,1.330379,1,-0.467600,0
2019-06-13,8432.3120,8475.8520,8366.3790,8459.4820,8434.6120,482008608,5759627008.0000,3,0.908563,1,0.294900,0
2019-06-14,8462.1990,8509.7300,8354.6010,8355.0710,8459.4820,486229200,6614863872.0000,3,0.916518,1,-1.234200,0
2019-06-17,8456.6200,8563.9760,8424.4110,8455.2100,8355.0710,510128000,8347933440.0000,3,0.958419,1,1.198500,0
2019-06-18,8481.9060,8496.2710,8418.0500,8462.9580,8455.2100,384714896,6505017856.0000,3,0.775752,1,0.091600,0
2019-06-19,8628.0240,8676.9440,8571.3570,8600.5040,8462.9580,549466000,9593372672.0000,3,1.107961,1,1.625300,0
2019-06-20,8611.6640,8808.8910,8577.8280,8767.1080,8600.5040,785701904,12500820736.0000,3,1.578058,1,1.937100,0
2019-06-21,8799.8920,8897.8310,8797.2610,8853.1000,8767.1080,776137104,12332997120.0000,3,1.558847,1,0.980800,0
2019-06-24,8866.5680,8920.1710,8813.3870,8919.7840,8853.1000,608017904,10285995776.0000,3,1.221185,1,0.753200,0
2019-06-25,8900.5700,8902.4800,8701.4110,8810.0330,8919.7840,557519104,9347316224.0000,3,1.119760,1,-1.230400,0
2019-06-26,8768.0540,8912.9800,8745.9520,8901.5870,8810.0330,441575408,8349883136.0000,3,0.886940,1,1.039200,0
2019-06-27,8916.1050,9011.7410,8901.4520,8994.6240,8901.5870,512049296,9219587840.0000,3,1.028493,1,1.045200,0
2019-06-28,8992.1890,8992.1890,8842.6240,8894.6570,8994.6240,437907104,7757218304.0000,3,0.879572,1,-1.111400,0
2019-07-01,9042.9630,9127.8210,8997.4760,9123.4340,8894.6570,589057296,11352645888.0000,3,1.183170,1,2.572100,0
2019-07-02,9115.1070,9250.6960,9079.9980,9236.0510,9123.4330,610719008,12483062016.0000,3,1.226679,1,1.234400,0
2019-07-03,9211.4650,9221.8520,9122.8380,9156.4510,9236.0510,508232704,10551104000.0000,3,1.014967,1,-0.861800,0
2019-07-04,9172.1500,9206.1780,9043.5010,9079.3570,9156.4510,417329600,9084922880.0000,3,0.833429,1,-0.842000,0
2019-07-05,9113.9970,9217.6570,9093.6650,9195.1690,9079.3570,436543600,8483697664.0000,3,0.871800,1,1.275500,0
2019-07-08,9181.0720,9181.0720,8905.2880,8967.6930,9195.1690,577017904,9986007808.0000,3,1.152334,1,-2.473900,0
2019-07-09,8945.5920,8979.6690,8893.2250,8945.6320,8967.6930,364215600,6643550208.0000,3,0.727357,1,-0.246000,0
2019-07-10,8974.8120,8980.9120,8891.2730,8915.1090,8945.6320,379407504,7361018880.0000,3,0.757696,1,-0.341200,0
2019-07-11,8951.6780,9017.1250,8906.1130,8948.6740,8915.1090,381257008,7186601728.0000,3,0.760091,1,0.376500,0
2019-07-12,8953.5490,9041.2430,8926.9240,9026.7640,8948.6740,385837600,7085101312.0000,3,0.769223,1,0.872600,0
2019-07-15,9005.2470,9087.7680,8864.6500,9042.7940,9026.7640,453468000,9024559360.0000,3,0.904054,1,0.177600,0
2019-07-16,9029.4270,9105.6020,8997.5030,9035.3710,9042.7940,447712000,7881573120.0000,3,0.892578,1,-0.082100,0
2019-07-17,9018.1580,9020.1570,8941.5620,8959.3690,9035.3710,421261104,7487392768.0000,3,0.835834,1,-0.841200,0
2019-07-18,8931.8220,8931.8220,8800.2440,8801.1940,8959.3690,400109696,6958476800.0000,3,0.793867,1,-1.765500,0
2019-07-19,8822.0230,8917.0460,8822.0010,8849.4290,8801.1940,343179008,7004458240.0000,3,0.680909,1,0.548000,0
2019-07-22,8843.0160,8846.4810,8652.3300,8658.7040,8849.4290,417022304,7678095360.0000,3,0.827424,1,-2.155200,0
2019-07-23,8658.2720,8725.6860,8656.1890,8716.2150,8658.7040,279126608,5511085312.0000,3,0.553822,1,0.664200,0
2019-07-24,8722.1950,8823.2170,8722.1950,8772.3720,8716.2150,307101408,6193409792.0000,3,0.609731,1,0.644300,0
2019-07-25,8772.1060,8772.1060,8725.0740,8762.4090,8772.3720,283968896,5605165824.0000,3,0.563803,1,-0.113600,0
2019-07-26,8740.7180,8846.5380,8715.5420,8840.3430,8762.4090,390516096,7168808960.0000,3,0.775346,1,0.889400,0
2019-07-29,8826.6620,8826.6620,8760.2620,8801.9630,8840.3430,314973808,5943926016.0000,3,0.625361,1,-0.434100,0
2019-07-30,8794.0840,8874.0800,8791.1830,8847.5800,8801.9630,433288608,6979125504.0000,3,0.860268,1,0.518300,0
2019-07-31,8826.8540,8861.8990,8798.6690,8840.0520,8847.5800,411647200,6984789504.0000,3,0.817301,1,-0.085100,0
2019-08-01,8782.1990,8815.2480,8749.6100,8799.5380,8840.0520,396927808,7216398080.0000,3,0.788076,1,-0.458300,0
2019-08-02,8636.1160,8762.0360,8611.2270,8751.1360,8799.5380,478452704,8687449600.0000,3,0.949939,1,-0.550100,0
2019-08-05,8732.8230,8796.5020,8614.6970,8615.4000,8751.1360,410578000,7913970176.0000,3,0.815178,1,-1.551100,0
2019-08-06,8465.5600,8527.3740,8339.3330,8512.9310,8615.4000,525309200,8747859200.0000,3,1.041311,1,-1.189400,0
2019-08-07,8543.1180,8584.9030,8499.1190,8529.7600,8512.9310,337467200,6406467584.0000,3,0.668955,1,0.197700,0
2019-08-08,8545.7050,8619.7270,8545.7050,8607.9810,8529.7600,314029104,6271847680.0000,3,0.622494,1,0.917000,0
2019-08-09,8653.5530,8746.4390,8589.4990,8596.5800,8607.9810,379096800,8756595456.0000,3,0.751476,1,-0.132500,0
2019-08-12,8601.9280,8782.3490,8601.6030,8782.3490,8596.5800,374407104,7581433600.0000,3,0.742180,1,2.161000,0
2019-08-13,8714.0650,8846.9380,8705.7550,8843.5710,8782.3490,429644800,8223026432.0000,3,0.851677,1,0.697100,0
2019-08-14,8909.8100,8947.6180,8881.4760,8921.0800,8843.5710,527717904,10961110016.0000,3,1.046085,1,0.876400,0
2019-08-15,8757.6620,9056.1840,8746.9350,9050.3530,8921.0800,618757504,10633222144.0000,3,1.226551,1,1.449100,0
2019-08-16,9046.9420,9219.0000,9030.2700,9178.6850,9050.3520,656830608,11947515392.0000,3,1.302023,1,1.418000,0
2019-08-19,9206.2920,9361.4030,9206.2920,9348.8620,9178.6850,731858096,14131653888.0000,3,1.450749,1,1.854100,0
2019-08-20,9343.5090,9383.5190,9312.5920,9377.2650,9348.8620,596337808,11519082496.0000,3,1.171614,1,0.303800,0
2019-08-21,9344.1870,9344.1870,9249.9120,9286.9780,9377.2650,643547008,10440747264.0000,3,1.264365,1,-0.962800,0
2019-08-22,9296.3900,9363.5830,9294.1030,9355.9900,9286.9770,670901504,12069763840.0000,3,1.318117,1,0.743100,0
2019-08-23,9358.5910,9528.9360,9300.2030,9510.2320,9355.9900,846857600,16540258560.0000,3,1.663817,1,1.648600,0
2019-08-26,9338.0330,9655.0940,9332.5520,9560.0080,9510.2320,936677200,16549763328.0000,3,1.840285,1,0.523400,0
2019-08-27,9608.5200,9779.1570,9607.0190,9668.3070,9560.0080,918517200,16780792320.0000,3,1.804606,1,1.132800,0
2019-08-28,9665.3000,9666.1100,9546.2330,9619.6170,9668.3070,733303504,13066291968.0000,3,1.439491,1,-0.503600,0
2019-08-29,9618.2970,9654.4360,9542.5610,9604.5720,9619.6170,574744304,10588009728.0000,3,1.128236,1,-0.156400,0
2019-08-30,9661.9210,9695.0940,9488.2680,9527.3420,9604.5720,680348800,13052363264.0000,3,1.335540,1,-0.804100,0
2019-09-02,9528.4010,9706.6200,9527.5090,9704.5410,9527.3420,544034400,11352369408.0000,3,1.067951,1,1.859900,0
2019-09-03,9700.9150,9700.9150,9605.7190,9652.6840,9704.5410,526299200,11076240640.0000,3,1.027420,1,-0.534400,0
2019-09-04,9644.5040,9681.1290,9568.7700,9675.3680,9652.6830,556306000,11378605824.0000,3,1.085998,1,0.235000,0
2019-09-05,9700.8540,9742.9710,9657.0040,9670.1300,9675.3680,688433600,13572386304.0000,3,1.343932,1,-0.054100,0
2019-09-06,9674.7190,9770.8250,9628.5590,9765.8450,9670.1300,596826208,11831275776.0000,3,1.165100,1,0.989800,0
2019-09-09,9817.0930,9823.2930,9757.2910,9814.5290,9765.8450,631155904,12630539008.0000,3,1.232117,1,0.498500,0
2019-09-10,9814.3740,9972.7630,9778.5920,9945.9370,9814.5290,801356704,15121957120.0000,3,1.564376,1,1.338900,0
2019-09-11,9992.1980,10005.0300,9741.8650,9749.7120,9945.9370,801407104,15046220288.0000,3,1.564474,1,-1.972900,0
2019-09-12,9755.9790,9767.5500,9644.3050,9712.5600,9749.7120,562003904,10309511168.0000,3,1.097121,1,-0.381100,0
2019-09-16,9721.0580,9731.7620,9667.3680,9696.9210,9712.5600,604794208,10867222784.0000,3,1.180655,1,-0.161000,0
2019-09-17,9685.8440,9685.8440,9485.0550,9518.6920,9696.9210,576705808,9791242240.0000,3,1.125822,1,-1.838000,0
2019-09-18,9527.6530,9642.5160,9521.8740,9616.6330,9518.6920,453766096,10036071168.0000,3,0.885824,1,1.028900,0
2019-09-19,9623.8810,9692.9410,9592.2390,9692.9410,9616.6330,446506704,9424172032.0000,3,0.871652,1,0.793500,0
2019-09-20,9698.3380,9745.4060,9669.8980,9719.0650,9692.9410,471244896,10707497728.0000,3,0.919945,1,0.269500,0
2019-09-23,9697.2600,9697.2600,9529.4570,9574.5350,9719.0650,476614208,9442631424.0000,3,0.930427,1,-1.487100,0
2019-09-24,9592.4720,9726.5410,9592.4720,9639.8620,9574.5350,502838304,11132197888.0000,3,0.981620,1,0.682300,0
2019-09-25,9619.8920,9619.8920,9483.7680,9484.3450,9639.8610,569607408,11658432768.0000,3,1.111964,1,-1.613300,0
2019-09-26,9520.2790,9551.0000,9324.6720,9324.7970,9484.3450,460074704,9668682752.0000,3,0.898139,1,-1.682200,0
2019-09-27,9342.8290,9396.2510,9269.2970,9369.7150,9324.7970,328795808,7051665664.0000,3,0.641862,1,0.481700,0
2019-09-30,9377.0640,9429.5690,9327.1720,9340.3500,9369.7150,311396400,6635284480.0000,3,0.607895,1,-0.313400,0
2019-10-08,9352.9480,9526.2320,9352.9480,9436.9760,9340.3500,396128608,8588848640.0000,3,0.773306,1,1.034500,0
2019-10-09,9406.0440,9440.5370,9309.5990,9435.8770,9436.9760,338066896,7772068352.0000,3,0.659960,1,-0.011600,0
2019-10-10,9448.8980,9624.0430,9436.8250,9623.8140,9435.8770,395215696,10285418496.0000,3,0.771524,1,1.991700,0
2019-10-11,9626.1280,9653.2540,9594.6720,9626.3610,9623.8140,422626704,8609761792.0000,3,0.825035,1,0.026500,0
2019-10-14,9684.3730,9735.3420,9669.5150,9697.3850,9626.3610,427640400,9653112832.0000,3,0.834822,1,0.737800,0
2019-10-15,9682.3290,9747.8160,9647.1630,9674.6000,9697.3850,371677808,8457381888.0000,3,0.724782,1,-0.235000,0
2019-10-16,9693.1500,9766.3040,9693.1500,9705.5420,9674.6000,407130896,9482109696.0000,3,0.793917,1,0.319800,0
2019-10-17,9717.8220,9770.3530,9630.9620,9675.2940,9705.5420,333438608,7996651520.0000,3,0.650215,1,-0.311700,0
2019-10-18,9688.2810,9742.2280,9594.5260,9620.4220,9675.2940,421695008,9224310784.0000,3,0.822087,1,-0.567100,0
2019-10-21,9601.8910,9646.9080,9467.9120,9551.3970,9620.4220,437297200,10520035584.0000,3,0.852498,1,-0.717500,0
2019-10-22,9565.7330,9688.4850,9547.8870,9675.2420,9551.3970,357022096,7445681408.0000,3,0.696004,1,1.296600,0
2019-10-23,9674.5220,9686.7450,9480.8330,9500.9670,9675.2420,500466608,9483800320.0000,3,0.975645,1,-1.801300,0
2019-10-24,9499.8090,9499.8090,9372.1240,9426.9320,9500.9670,395289296,8116461568.0000,3,0.770605,1,-0.779200,0
2019-10-25,9425.3360,9531.8840,9369.6940,9511.1820,9426.9320,437671200,11447374592.0000,3,0.853227,1,0.893700,0
2019-10-28,9493.2670,9613.4360,9492.7950,9610.4260,9511.1820,571904304,12032370432.0000,3,1.114910,1,1.043400,0
2019-10-29,9605.3110,9680.4200,9578.6210,9624.8650,9610.4260,577069008,11548501248.0000,3,1.124811,1,0.150200,0
2019-10-30,9590.8440,9590.8440,9450.1280,9488.4160,9624.8650,544523808,11765718016.0000,3,1.061374,1,-1.417700,0
2019-10-31,9521.7000,9608.5720,9505.8540,9524.6760,9488.4160,731639296,14262023168.0000,3,1.426096,1,0.382100,0
2019-11-01,9526.1050,9641.9030,9492.0230,9631.9470,9524.6760,667609104,13333162752.0000,3,1.301289,1,1.126243,0
2019-11-04,9686.1880,9782.4510,9686.1880,9754.9330,9631.9470,662009408,13158978816.0000,3,1.290375,1,1.276855,0
2019-11-05,9765.7670,9829.0050,9722.1620,9792.4160,9754.9330,581674208,11457571072.0000,3,1.133787,1,0.384247,0
2019-11-06,9797.8530,9797.8530,9667.0180,9694.5640,9792.4160,543178096,9668238592.0000,3,1.058751,1,-0.999263,0
2019-11-07,9707.9510,9835.3950,9701.1150,9805.8350,9694.5640,514749408,10147720960.0000,3,1.003339,1,1.147767,0
2019-11-08,9863.4760,9885.4700,9723.3790,9731.1610,9805.8350,468904896,10428344064.0000,3,0.913979,1,-0.761526,0
2019-11-11,9692.7580,9692.7580,9499.5180,9519.9370,9731.1610,514657504,10814908160.0000,3,1.001199,1,-2.170594,0
2019-11-12,9526.8450,9551.6410,9419.5060,9535.5070,9519.9370,569721408,9613602816.0000,3,1.108319,1,0.163552,0
2019-11-13,9555.2340,9591.6270,9484.8740,9524.5590,9535.5070,614564304,12033047040.0000,3,1.195457,1,-0.114813,0
2019-11-14,9513.6470,9617.9860,9513.6470,9601.3490,9524.5590,540458496,11137523712.0000,3,1.051305,1,0.806232,0
2019-11-15,9607.7620,9623.2390,9474.6210,9481.6840,9601.3490,557478096,10256317184.0000,3,1.084412,1,-1.246335,0
2019-11-18,9496.5520,9547.6590,9466.1880,9526.8350,9481.6830,449196400,9005280768.0000,3,0.873781,1,0.476202,0
2019-11-19,9536.3940,9648.4460,9526.6990,9648.4460,9526.8350,446208704,10010210048.0000,3,0.867970,1,1.276510,0
2019-11-20,9642.6140,9711.7400,9609.0270,9634.7320,9648.4460,467199808,10122215936.0000,3,0.908802,1,-0.142137,0
2019-11-21,9609.9320,9610.0390,9504.4170,9534.8120,9634.7320,463804896,10692121088.0000,3,0.891820,1,-1.037081,0
2019-11-22,9551.0530,9593.5790,9226.8010,9291.2700,9534.8120,563009008,13974944000.0000,3,1.082542,1,-2.554240,0
2019-11-25,9284.5010,9301.7630,9111.0830,9201.0830,9291.2700,410848304,10214270464.0000,3,0.789970,1,-0.970664,0
2019-11-26,9208.5860,9248.9520,9173.0640,9222.4000,9201.0830,389374704,9627283712.0000,3,0.748681,1,0.231679,0
2019-11-27,9210.9750,9244.7050,9157.8590,9185.4440,9222.4000,345601696,7489937664.0000,3,0.664516,1,-0.400720,0
2019-11-28,9201.9070,9237.7620,9176.9250,9208.1320,9185.4440,317962608,6727495936.0000,3,0.611372,1,0.246999,0
2019-11-29,9215.3600,9222.4460,9034.0400,9116.4110,9208.1320,426659504,11888430848.0000,3,0.820372,1,-0.996087,0
2019-12-02,9090.8660,9103.7870,9006.3350,9026.9920,9116.4110,434541904,9638461440.0000,3,0.835528,1,-0.980857,0
2019-12-03,9015.2030,9016.6440,8900.8050,9015.5780,9026.9920,404010800,9310502912.0000,3,0.776823,1,-0.126443,0
2019-12-04,8981.8670,9068.9830,8965.3760,9049.8130,9015.5780,317855600,7204520960.0000,3,0.611166,1,0.379732,0
2019-12-05,9070.0050,9140.0630,9070.0050,9126.9900,9049.8130,351508208,7388228352.0000,3,0.675872,1,0.852802,0
2019-12-06,9136.3320,9177.8270,9103.4520,9177.6100,9126.9900,361898208,6978723328.0000,3,0.695850,1,0.554619,0
2019-12-09,9196.4940,9207.3310,9061.7970,9081.6080,9177.6100,486537104,10736096000.0000,3,0.935503,1,-1.046046,0
2019-12-10,9067.7980,9128.3870,9055.5220,9128.3870,9081.6080,418977008,7988489472.0000,3,0.805600,1,0.515096,0
2019-12-11,9120.4680,9120.4680,9040.3080,9058.6260,9128.3870,403187808,7078145792.0000,3,0.775241,1,-0.764220,0
2019-12-12,9065.9540,9087.5240,9032.5550,9045.7540,9058.6260,471353200,8508288256.0000,3,0.906308,1,-0.142097,0
2019-12-13,9098.2130,9195.3350,9091.6200,9182.3620,9045.7540,495602800,11096266496.0000,3,0.952934,1,1.510189,0
2019-12-16,9208.5650,9289.0410,9154.5120,9288.5360,9182.3620,679362096,12457939712.0000,3,1.306263,1,1.156282,0
2019-12-17,9291.6430,9420.7670,9262.0110,9418.9970,9288.5360,827757808,14099720960.0000,3,1.553448,1,1.404538,0
2019-12-18,9410.7280,9410.7280,9333.8630,9350.8080,9418.9970,650577504,12398325760.0000,3,1.220935,1,-0.723952,0
2019-12-19,9348.8300,9387.5920,9323.6540,9379.1580,9350.8080,673610704,10589653760.0000,3,1.264137,1,0.303182,0
2019-12-20,9390.9800,9402.5040,9300.7920,9306.9000,9379.1580,574244096,9515836928.0000,3,1.077660,1,-0.770410,0
2019-12-23,9278.7170,9310.7130,9137.7920,9145.3510,9306.9000,563397504,9939349760.0000,3,1.083268,1,-1.735798,0
2019-12-24,9156.0850,9191.9680,9130.8220,9190.3840,9145.3510,453595600,7818039296.0000,3,0.850140,1,0.492414,0
2019-12-25,9199.5760,9214.8610,9160.6690,9202.4280,9190.3840,558100304,10610177536.0000,3,1.046005,1,0.131050,0
2019-12-26,9196.3620,9261.4310,9193.7650,9261.1600,9202.4280,571264496,9772191488.0000,3,1.070678,1,0.638223,0
2019-12-27,9238.4180,9295.1920,9192.5790,9199.3880,9261.1600,621200496,11110537984.0000,3,1.164269,1,-0.667001,0
2019-12-30,9182.0190,9251.5430,9085.0110,9251.5430,9199.3880,588711904,10552895488.0000,3,1.130436,1,0.566940,0
2019-12-31,9247.5090,9490.5680,9244.7440,9469.3480,9251.5430,926437200,15804183040.0000,3,1.736351,1,2.354256,0
2020-01-02,9501.5480,9557.9470,9432.3660,9544.3560,9469.3480,971439600,16380988416.0000,3,1.820696,1,0.792114,0
2020-01-03,9532.8930,9564.3790,9475.9350,9508.6390,9544.3560,746381504,14124398336.0000,3,1.398887,1,-0.374221,0
2020-01-06,9463.7130,9546.3270,9407.0330,9485.5490,9508.6390,795999504,15513619456.0000,3,1.491882,1,-0.242832,0
2020-01-07,9487.5520,9602.7770,9483.8220,9602.7770,9485.5490,623084304,11904185856.0000,3,0.000000,1,1.235859,0
2020-01-08,9556.6180,9564.7190,9427.9990,9450.3940,9602.7770,631018208,10970329088.0000,3,1.182237,1,-1.586864,0
2020-01-09,9541.4360,9676.6600,9541.4360,9674.1720,9450.3940,589031008,13866096896.0000,3,1.103572,1,2.367922,0
2020-01-10,9699.2610,9744.7930,9676.3140,9723.7240,9674.1720,575459200,12062791424.0000,3,1.078145,1,0.512209,0
2020-01-13,9721.6060,9779.8270,9656.6250,9778.6760,9723.7240,516492304,11755711488.0000,3,0.991390,1,0.565133,0
2020-01-14,9796.4310,9817.0100,9760.4180,9796.5690,9778.6760,658575808,12493799936.0000,3,1.233867,1,0.182980,0
2020-01-15,9790.0730,9864.7260,9774.5500,9795.9090,9796.5690,587493808,11273067520.0000,3,1.100692,1,-0.006737,0
2020-01-16,9805.5640,9817.4170,9729.2560,9796.3230,9795.9090,584625200,11783745280.0000,3,1.095318,1,0.004226,0
2020-01-17,9814.7090,9898.1350,9800.8190,9868.6360,9796.3230,685103408,16004738560.0000,3,1.282710,1,0.738165,0
2020-01-20,10033.1160,10117.3500,9956.7120,10117.3500,9868.6360,914112000,18859002368.0000,3,1.753156,1,2.520247,0
2020-01-21,10237.9770,10441.3410,10236.4180,10426.9390,10117.3500,1541383200,27522584320.0000,3,2.885131,1,3.059981,0
2020-01-22,10480.5290,10480.5290,10188.5260,10236.5560,10426.9390,1337626400,22143925504.0000,3,2.503743,1,-1.825876,0
2020-01-23,10228.7050,10378.6520,9978.1000,10094.0410,10236.5560,1334519600,23301997824.0000,3,2.497927,1,-1.392216,0
2020-02-03,9859.2950,10065.7420,9738.1510,9784.6200,10094.0410,1597119408,31499227392.0000,3,3.062542,1,-3.065383,0
2020-02-04,9872.9750,10118.0720,9761.2160,10091.6960,9784.6200,1745477296,29568910848.0000,3,3.347024,1,3.138354,0
2020-02-05,10201.0860,10631.4810,10099.8600,10626.7520,10091.6960,1990240896,37193134848.0000,3,3.725142,1,5.301943,0
2020-02-06,10689.3970,11192.0190,10625.6020,11043.3380,10626.7520,2292005008,44853420288.0000,3,4.289955,1,3.920163,0
2020-02-07,11141.1310,11248.4360,10700.0410,10775.7510,11043.3380,2457154608,41623495168.0000,3,4.599067,1,-2.423063,0
2020-02-10,10712.0350,10712.0350,10410.8810,10530.8510,10775.7510,1391330496,25547672320.0000,3,2.667933,1,-2.272695,0
2020-02-11,10431.3480,10465.8910,10264.7450,10464.8190,10530.8510,1100914800,20331949056.0000,3,2.060303,1,-0.627034,0
2020-02-12,10430.2510,10606.4110,10372.7160,10519.8450,10464.8190,1390690608,24354962176.0000,3,2.602602,1,0.525819,0
2020-02-13,10534.0080,10538.2940,10317.4930,10390.0710,10519.8450,1470974800,24872763392.0000,3,2.752850,1,-1.233611,0
2020-02-14,10458.6920,10526.9640,10333.1750,10402.0310,10390.0710,1187882608,21334905856.0000,3,2.223035,1,0.115110,0
2020-02-17,10486.7380,10663.8990,10475.1770,10663.8990,10402.0310,1135656496,21987596544.0000,3,2.177337,1,2.517470,0
2020-02-18,10786.6690,10788.6500,10619.0710,10720.4210,10663.8990,1636879696,29893925120.0000,3,3.063301,1,0.530031,0
2020-02-19,10727.7150,10727.7150,10446.1680,10447.2940,10720.4210,1304226096,23857292800.0000,3,2.440764,1,-2.547726,0
2020-02-20,10436.4230,10487.0200,10350.0990,10475.3850,10447.2940,1058408800,19287759104.0000,3,1.980342,1,0.268883,0
2020-02-21,10463.5690,10563.2810,10397.9290,10561.1420,10475.3850,1182923104,21156245504.0000,3,2.213315,1,0.818652,0
2020-02-24,10613.9730,10691.6270,10557.4660,10643.3730,10561.1420,1274397296,24149038848.0000,3,2.442841,1,0.778618,0
2020-02-25,10479.6320,10820.0060,10456.9810,10783.1200,10643.3730,1778999296,31274736640.0000,3,3.328607,1,1.312995,0
2020-02-26,10703.4190,10703.4190,10444.2070,10456.0040,10783.1200,1478988304,26452069888.0000,3,2.767269,1,-3.033593,0
2020-02-27,10467.2020,10542.3130,10409.8420,10488.8830,10456.0040,962022304,17906180608.0000,3,1.799997,1,0.314451,0
2020-02-28,10293.1450,10470.1500,10144.3880,10170.7030,10488.8830,1158612608,21335721984.0000,3,2.167829,1,-3.033497,0
2020-03-02,10264.2280,10394.8870,10209.6550,10376.9940,10170.7030,949810000,18144533248.0000,3,1.777147,1,2.028287,0
2020-03-03,10484.0650,10706.2030,10482.1120,10617.4790,10376.9940,1276008704,24465666304.0000,3,2.387483,1,2.317482,0
2020-03-04,10550.7800,10600.1960,10469.1710,10599.0200,10617.4790,958271696,17748773632.0000,3,1.792980,1,-0.173855,0
2020-03-05,10665.0310,10782.8700,10645.6730,10765.0620,10599.0200,1046730400,22707269376.0000,3,1.958491,1,1.566579,0
2020-03-06,10728.3170,10902.8400,10701.0610,10802.0170,10765.0620,977738208,19468731648.0000,3,1.829403,1,0.343286,0
2020-03-09,10781.1956,10818.7135,10690.7378,10699.9314,10802.0176,1507684400,26445530257.0000,3,2.820961,1,-0.945066,0
2020-03-10,10551.2799,10677.8241,10331.7958,10642.6766,10699.9314,1411480500,23571301272.0000,3,2.640959,1,-0.535095,0
2020-03-11,10646.7836,10715.0629,10555.2614,10555.2614,10642.6766,985254400,17459481495.0000,3,1.843466,1,-0.821365,0
2020-03-12,10448.4505,10487.0259,10165.6102,10224.4340,10555.2614,937435800,17575310383.0000,3,1.753995,1,-3.134242,0
2020-03-13,9690.6216,10075.4284,9671.5842,9957.0197,10224.4340,1003472100,19640026711.0000,3,1.877552,1,-2.615444,0
2020-03-16,10072.9868,10169.8258,9682.2946,9707.8082,9957.0197,1056731800,21271185084.0000,3,1.977204,1,-2.502872,0
2020-03-17,9729.6933,9823.1854,9319.1029,9646.2884,9707.8082,1005709300,19799099499.0000,3,1.881715,1,-0.633715,0
2020-03-18,9774.4054,9900.3859,9542.4114,9542.4114,9646.2884,885255200,19234853069.0000,3,1.656342,1,-1.076860,0
2020-03-19,9547.0920,9640.8855,9299.8036,9515.2849,9542.4114,1056277900,21294342854.0000,3,1.976331,1,-0.284273,0
2020-03-20,9629.6049,9859.7460,9617.5453,9852.0402,9515.2849,1000935800,20259512146.0000,3,1.872784,1,3.539098,0
2020-03-23,9695.7269,9889.5367,9622.4746,9647.1183,9852.0402,1001324700,20301930956.0000,3,1.873512,1,-2.079995,0
2020-03-24,9758.8901,9798.8785,9574.7673,9786.9454,9647.1183,881339400,19019912811.0000,3,1.649015,1,1.449418,0
2020-03-25,9945.4111,10113.2730,9889.4105,10096.2786,9786.9454,985472100,21611591616.0000,3,1.843851,1,3.160672,0
2020-03-26,10040.7535,10294.8969,9996.8971,10262.9451,10096.2786,1075463600,22567799433.0000,3,2.012228,1,1.650772,0
2020-03-27,10361.9987,10397.6674,10166.4234,10171.1737,10262.9451,876758300,20410957340.0000,3,1.640444,1,-0.894201,0
2020-03-30,10115.1054,10229.4078,10014.8938,10067.8333,10171.1737,809761300,19076697786.0000,3,1.515090,1,-1.016013,0
2020-03-31,10116.9673,10175.1081,10043.9765,10136.5108,10067.8333,665361500,15999661937.0000,3,1.244913,1,0.682148,0
2020-04-01,10101.7398,10110.7762,9959.9587,9972.2470,10136.5108,644685400,14530168545.0000,3,1.206228,1,-1.620516,0
2020-04-02,9939.7394,10097.5306,9876.3321,10097.5306,9972.2470,678064500,13694691832.0000,3,1.268658,1,1.256323,0
2020-04-03,10116.1792,10291.3877,10107.9543,10208.3903,10097.5306,749434400,16318355922.0000,3,1.402191,1,1.097889,0
2020-04-07,10347.7776,10488.3921,10307.4206,10475.1177,10208.3903,922728000,19356776594.0000,3,1.726423,1,2.612825,0
2020-04-08,10442.4645,10609.6244,10375.7138,10552.2858,10475.1177,1017201800,20070675868.0000,3,1.903183,1,0.736680,0
2020-04-09,10599.9370,10848.4743,10571.4516,10801.8482,10552.2858,1079870500,22000294011.0000,3,2.020436,1,2.365008,0
2020-04-10,10791.9649,10909.1351,10598.9851,10635.4773,10801.8482,950886900,19511426167.0000,3,1.779108,1,-1.540208,0
2020-04-13,10622.9864,10802.5789,10603.1011,10739.6923,10635.4773,824244900,15927767944.0000,3,1.542161,1,0.979881,0
2020-04-14,10761.2093,10916.1655,10616.1138,10904.5994,10739.6923,909414100,20430532046.0000,3,1.701513,1,1.535492,0
2020-04-15,10908.6264,11104.6121,10890.8020,11019.6221,10904.5994,1158366700,23851169574.0000,3,2.167303,1,1.054809,0
2020-04-16,10968.6964,11173.9157,10925.8631,11078.4244,11019.6221,1113981900,24820016512.0000,3,2.084259,1,0.533614,0
2020-04-17,11104.3881,11120.8674,10914.2356,10946.3894,11078.4244,977167300,21775513823.0000,3,1.828279,1,-1.191821,0
2020-04-20,10995.4992,11132.8566,10946.3894,11130.3217,10946.3894,730429900,18066375320.0000,3,1.366633,1,1.680301,0
2020-04-21,11121.9274,11146.5305,10952.2595,11051.2033,11130.3217,908134800,19443823528.0000,3,1.699119,1,-0.710837,0
2020-04-22,10988.5036,11194.8993,10915.4392,11192.2301,11051.2033,952404300,19392543981.0000,3,1.781947,1,1.276122,0
2020-04-23,11279.5835,11453.9883,11215.4638,11218.3915,11192.2301,1147868300,24192419101.0000,3,2.147660,1,0.233746,0
2020-04-24,11226.4372,11226.4372,10925.1060,10956.5147,11218.3915,1106395900,21534714335.0000,3,2.070065,1,-2.334352,0
2020-04-27,10970.2602,11069.3936,10786.9217,10999.1644,10956.5147,806572400,18856697961.0000,3,1.509096,1,0.389263,0
2020-04-28,11026.6675,11098.9738,10732.2589,10957.6043,10999.1644,1028218300,21375833415.0000,3,1.923795,1,-0.377848,0
2020-04-29,10876.9495,11008.0988,10730.2594,10734.4057,10957.6043,767957500,17415751091.0000,3,1.436848,1,-2.036929,0
2020-04-30,10729.0077,10757.6248,10614.6504,10651.9316,10734.4057,858050000,19704974259.0000,3,1.605411,1,-0.768315,0
2020-05-06,10603.9931,10854.8147,10561.4919,10854.8147,10651.9316,772010400,19041094565.0000,3,1.445058,1,1.904660,0
2020-05-07,10841.0512,10906.1328,10786.0199,10890.3668,10854.8147,686424900,15533163656.0000,3,1.284300,1,0.327524,0
2020-05-08,10931.5161,10985.0920,10867.8201,10951.7474,10890.3668,694929400,16228138371.0000,3,1.300212,1,0.563623,0
2020-05-11,10989.1112,11018.3494,10840.2897,10888.1973,10951.7474,686515100,17870317980.0000,3,1.284455,1,-0.580274,0
2020-05-12,10891.0397,10984.1069,10867.2788,10979.7318,10888.1973,667696900,16536801099.0000,3,1.249242,1,0.840676,0
2020-05-13,10967.9430,11107.1658,10900.7587,11093.6812,10979.7318,647642200,16092543976.0000,3,1.211645,1,1.037816,0
2020-05-14,11036.2578,11036.2578,10875.5356,10875.5356,11093.6812,651679600,15686184695.0000,3,1.219199,1,-1.966395,0
2020-05-15,10907.2486,10945.2339,10805.2073,10835.6123,10875.5356,537503000,14391330811.0000,3,1.005591,1,-0.367093,0
2020-05-18,10830.0256,11007.5655,10770.7423,10942.4612,10835.6123,590525600,15963652492.0000,3,1.104788,1,0.986090,0
2020-05-19,11013.4987,11093.6974,10945.1155,11054.9422,10942.4612,577067800,14961636695.0000,3,1.076310,1,1.027931,0
2020-05-20,11053.5231,11063.4431,10940.7573,10974.0795,11054.9422,662600300,15174576842.0000,3,1.235711,1,-0.731462,0
2020-05-21,11008.8006,11123.3131,10946.9014,10963.3623,10974.0795,666167200,16515038742.0000,3,1.241948,1,-0.097659,0
2020-05-22,10988.1828,10997.5128,10715.2615,10767.2614,10963.3623,675174300,16087196542.0000,3,1.258740,1,-1.788693,0
2020-05-25,10756.8373,10877.0873,10737.4534,10874.3377,10767.2614,532004400,12276049186.0000,3,0.991731,1,0.994462,0
2020-05-26,10901.6306,11056.4679,10860.5941,11054.5065,10874.3377,580615800,13797206263.0000,3,1.064830,1,1.656826,0
2020-05-27,11068.7827,11068.7827,10912.6883,10939.5479,11054.5065,574107400,14008918097.0000,3,1.052890,1,-1.039925,0
2020-05-28,10933.6967,10971.2881,10725.7840,10844.4648,10939.5479,570852600,13998715788.0000,3,1.046921,1,-0.869168,0
2020-05-29,10819.1674,11106.0262,10816.0196,11069.6877,10844.4648,578501300,14492126641.0000,3,1.060948,1,2.076847,0
2020-06-01,11155.9368,11320.1364,11155.9368,11292.1786,11069.6877,723798700,17422097594.0000,3,1.327418,1,2.009911,0
2020-06-02,11294.2257,11294.2257,11163.5415,11201.0369,11292.1786,668674000,15222716153.0000,3,1.226321,1,-0.807122,0
2020-06-03,11231.9969,11361.7440,11231.4946,11282.3785,11201.0369,767424000,17702323014.0000,3,1.407425,1,0.726197,0
2020-06-04,11293.9142,11386.0780,11240.5575,11362.4627,11282.3785,637984000,14856576493.0000,3,1.170037,1,0.709817,0
2020-06-05,11372.7056,11438.3030,11317.1978,11424.7245,11362.4627,588461100,13763915266.0000,3,1.071281,1,0.547960,0
2020-06-08,11519.7454,11550.6372,11419.6381,11451.2916,11424.7245,661515100,16675487764.0000,3,1.204275,1,0.232540,0
2020-06-09,11437.7319,11635.7945,11392.2823,11633.2943,11451.2916,814646900,18980049522.0000,3,1.471464,1,1.589364,0
2020-06-10,11639.4931,11768.1542,11622.1830,11743.1111,11633.2943,739578500,18359429973.0000,3,1.335871,1,0.943987,0
2020-06-11,11722.3304,11775.8172,11555.4189,11594.9768,11743.1111,797378000,18020425022.0000,3,1.440271,1,-1.261457,0
2020-06-12,11399.1372,11742.9017,11383.0036,11687.2112,11594.9768,826797200,19024523997.0000,3,1.493410,1,0.795469,0
2020-06-15,11767.0276,11960.1109,11767.0276,11885.2689,11687.2112,1005870000,22238090281.0000,3,1.816862,1,1.694653,0
2020-06-16,11918.9364,11987.4172,11801.6044,11986.6294,11885.2689,848979000,19284645077.0000,3,1.500351,1,0.852825,0
2020-06-17,12031.8633,12379.6068,12031.8633,12312.9247,11986.6294,1314527600,28656855880.0000,3,2.323088,1,2.722161,0
2020-06-18,12343.6642,12343.6642,12005.4997,12071.3655,12312.9247,1102123800,26240428875.0000,3,1.946960,1,-1.961834,0
2020-06-19,12040.8257,12173.4753,11980.1661,12158.2017,12071.3655,866589200,23143004839.0000,3,1.530875,1,0.719357,0
2020-06-22,12161.6213,12218.8242,12070.9967,12168.2576,12158.2017,877266500,22797262928.0000,3,1.583939,1,0.082709,0
2020-06-23,12147.7494,12340.3199,12103.7468,12339.3091,12168.2576,783032800,22306652509.0000,3,1.383268,1,1.405719,0
2020-06-24,12366.1505,12428.3644,12241.4450,12298.0335,12339.3091,821725200,23349109149.0000,3,1.451621,1,-0.334505,0
2020-06-29,12239.9930,12394.5882,12225.9287,12376.0436,12298.0335,835605500,21695059634.0000,3,1.505918,1,0.634330,0
2020-06-30,12381.1038,12672.6255,12340.5579,12600.8716,12376.0436,1059456400,28607963468.0000,3,1.868186,1,1.816639,0
2020-07-01,12619.5582,12659.2436,12422.5864,12565.7590,12600.8716,1080908700,30390766123.0000,3,1.906013,1,-0.278652,0
2020-07-02,12579.2500,12656.6629,12466.4957,12524.9458,12565.7590,1074351400,29952721255.0000,3,1.894451,1,-0.324797,0
2020-07-03,12508.8673,12561.3817,12332.0300,12561.3603,12524.9458,1080875500,28423041290.0000,3,1.905955,1,0.290736,0
2020-07-06,12571.0509,12752.0061,12504.7098,12714.2015,12561.3603,1459735200,37935713721.0000,3,2.574015,1,1.216757,0
2020-07-07,12730.4686,13018.8933,12635.3588,12876.7073,12714.2015,1477761900,37940413749.0000,3,2.605760,1,1.278144,0
2020-07-08,12851.7935,12967.9264,12780.6208,12967.9264,12876.7073,1133025000,28856906305.0000,3,1.997880,1,0.708404,0
2020-07-09,12963.4637,13435.7236,12938.9408,13412.2664,12967.9264,1498206900,35373204714.0000,3,2.633986,1,3.426454,0
2020-07-10,13375.6673,13636.6056,13325.7116,13373.9503,13412.2664,1241945600,30755083487.0000,3,2.183455,1,-0.285680,0
2020-07-13,13429.4315,13897.3834,13429.4315,13895.6866,13373.9503,1342039600,35287835638.0000,3,2.359429,1,3.901138,0
2020-07-14,13978.2146,14010.9596,13498.4669,13780.9613,13895.6866,1426596100,37357087419.0000,3,2.508087,1,-0.825618,0
2020-07-15,13851.3658,14229.6354,13798.0479,13922.1114,13780.9613,1592847200,44985079008.0000,3,2.800372,1,1.024240,0
2020-07-16,13919.0263,13919.0263,12935.4979,12960.9443,13922.1114,1501073000,41139428033.0000,3,2.629289,1,-6.903889,0
2020-07-17,12947.2600,13291.6354,12831.6691,13116.4204,12960.9443,994919200,28683507601.0000,3,1.742707,1,1.199574,0
2020-07-20,13194.9580,13217.8345,12850.4412,13148.9049,13116.4204,982640200,26576906868.0000,3,1.717295,1,0.247663,0
2020-07-21,13213.6694,13541.8885,13191.5762,13532.9078,13148.9049,1001247100,29428819566.0000,3,1.749813,1,2.920417,0
2020-07-22,13525.5289,13877.6700,13464.7206,13747.6438,13532.9078,1015540800,29825763943.0000,3,1.774793,1,1.586769,0
2020-07-23,13670.4854,14155.5772,13612.9757,14155.5772,13747.6438,1550175600,43093393795.0000,3,2.709138,1,2.967297,0
2020-07-24,14075.8181,14075.8181,13339.9515,13389.5728,14155.5772,1666920300,46601701638.0000,3,2.907499,1,-5.411326,0
2020-07-27,13432.4830,13609.5264,13372.8861,13535.5170,13389.5728,1064030500,29678006781.0000,3,1.855918,1,1.089984,0
2020-07-28,13596.7697,13642.5504,13322.6013,13476.1122,13535.5170,1048788100,32361044440.0000,3,1.828464,1,-0.438881,0
2020-07-29,13422.8960,13930.3024,13399.1417,13925.8237,13476.1122,1239494500,36171791327.0000,3,2.160943,1,3.337101,0
2020-07-30,13970.1754,14377.9443,13934.7667,14026.8128,13925.8237,1655083500,45777006130.0000,3,2.885484,1,0.725193,0
2020-07-31,13979.8869,14351.8632,13889.7894,14339.6357,14026.8128,1452841100,42696370616.0000,3,2.513201,1,2.230178,0
2020-08-03,14450.5531,14665.5086,14359.7273,14650.2724,14339.6357,1629929800,48680471703.0000,3,2.794213,1,2.166280,0
2020-08-04,14666.4275,14794.6456,14399.8392,14464.2992,14650.2724,1694687800,53266900615.0000,3,2.905228,1,-1.269418,0
2020-08-05,14289.6430,14730.5060,14198.2201,14730.5060,14464.2992,1434511200,45441585483.0000,3,2.459204,1,1.840440,0
2020-08-06,14769.1298,14973.9616,14471.2719,14697.9778,14730.5060,1468222900,49629205025.0000,3,2.516996,1,-0.220822,0
2020-08-07,14654.9428,14833.9918,14178.3344,14524.8691,14697.9778,1386338200,45412917928.0000,3,2.376620,1,-1.177772,0
2020-08-10,14503.0541,14720.6037,14317.1722,14608.0761,14524.8691,1346088200,40391611803.0000,3,2.357009,1,0.572859,0
2020-08-11,14541.1903,14663.4525,14248.0557,14274.8926,14608.0761,1228606500,36482453937.0000,3,2.106218,1,-2.280817,0
2020-08-12,14208.9196,14240.8222,13581.4460,13820.6625,14274.8926,1114912000,35566433724.0000,3,1.911310,1,-3.182021,0
2020-08-13,13819.5264,13853.4395,13601.9719,13666.5970,13820.6625,768045900,25740228530.0000,3,1.316672,1,-1.114748,0
2020-08-14,13643.3790,13796.1561,13454.9083,13756.8824,13666.5970,746836400,25027779455.0000,3,1.280313,1,0.660628,0
2020-08-17,13793.1400,13968.8161,13727.1071,13933.3031,13756.8824,854895500,27131251641.0000,3,1.496928,1,1.282418,0
2020-08-18,13980.8741,14151.4643,13974.3789,14114.8911,13933.3031,876431000,29228576449.0000,3,1.502479,1,1.303266,0
2020-08-19,14139.9936,14139.9936,13867.9918,13878.5346,14114.8911,943108900,30452515928.0000,3,1.616786,1,-1.674519,0
2020-08-20,13806.0439,13899.9343,13677.2038,13745.8255,13878.5346,788549700,24353999933.0000,3,1.351822,1,-0.956218,0
2020-08-21,13796.3956,13915.2453,13752.7291,13851.1886,13745.8255,649111100,21210839438.0000,3,1.112781,1,0.766510,0
2020-08-24,13906.0550,13911.4179,13667.4487,13879.1468,13851.1886,672624600,21521588462.0000,3,1.150986,1,0.201847,0
2020-08-25,13897.0030,13970.1411,13736.8138,13780.6714,13879.1468,652834100,20890490638.0000,3,1.114925,1,-0.709521,0
2020-08-26,13763.9950,13944.2891,13628.8063,13683.8521,13780.6714,806734500,26358052826.0000,3,1.377760,1,-0.702573,0
2020-08-27,13677.4478,13788.6337,13563.6660,13787.9085,13683.8521,582102600,20129904945.0000,3,0.994129,1,0.760432,0
2020-08-28,13813.1306,14203.4263,13785.1562,14192.9750,13787.9085,792861500,29308790766.0000,3,1.354068,1,2.937839,0
2020-08-31,14239.6480,14386.0109,14172.6413,14202.3325,14192.9750,811073200,27841039879.0000,3,1.385170,1,0.065931,0
2020-09-01,14228.0632,14266.0129,14117.5313,14240.5388,14202.3325,595930700,21004448846.0000,3,1.017745,1,0.269014,0
2020-09-02,14292.0159,14306.9041,14124.3481,14284.3368,14240.5388,621842600,21559765862.0000,3,1.061997,1,0.307559,0
2020-09-03,14281.3350,14628.3270,14246.8839,14327.5903,14284.3368,801905400,28908269059.0000,3,1.369513,1,0.302804,0
2020-09-04,14101.2621,14111.1330,13926.3021,14078.5340,14327.5903,645658200,23963912213.0000,3,1.102670,1,-1.738299,0
2020-09-07,14081.1036,14109.2515,13611.0126,13636.6380,14078.5340,702043800,23912292057.0000,3,1.198967,1,-3.138793,0
2020-09-08,13678.6532,13724.3694,13382.4090,13548.3166,13636.6380,591965800,19676581713.0000,3,1.010973,1,-0.647677,0
2020-09-09,13403.2584,13403.2584,12984.9421,13031.6570,13548.3166,677281500,20445312044.0000,3,1.156677,1,-3.813460,0
2020-09-10,13169.0425,13245.0855,12859.4982,12890.0667,13031.6570,541978800,16785152996.0000,3,0.922795,1,-1.086510,0
2020-09-11,12861.9134,13160.2545,12861.9134,13151.3791,12890.0667,502706700,16728137409.0000,3,0.854784,1,2.027239,0
2020-09-14,13234.5741,13243.3444,12999.0809,13076.5951,13151.3791,503569100,17644710691.0000,3,0.856250,1,-0.568640,0
2020-09-15,13092.8170,13239.7173,12959.4202,13227.8464,13076.5951,526975000,16875232899.0000,3,0.896049,1,1.156657,0
2020-09-16,13235.7910,13314.6710,13024.7416,13090.1968,13227.8464,459484900,15739038981.0000,3,0.781291,1,-1.040605,0
2020-09-17,13068.7813,13068.7813,12771.1859,12909.3694,13090.1968,472886900,17616539110.0000,3,0.804079,1,-1.381396,0
2020-09-18,12896.5500,13089.6466,12862.5328,13079.1269,12909.3694,459814600,16313259066.0000,3,0.781852,1,1.314995,0
2020-09-21,13093.4013,13125.1032,12978.3392,13042.5385,13079.1269,444795800,14515295717.0000,3,0.756314,1,-0.279747,0
2020-09-22,12969.7675,13157.9375,12905.4161,12939.0768,13042.5385,503579200,16157903005.0000,3,0.856267,1,-0.793264,0
2020-09-23,12994.3478,13287.1143,12917.8890,13200.4303,12939.0768,589015900,20356259253.0000,3,1.001513,1,2.019877,0
2020-09-24,13145.7519,13145.7519,12905.9092,12967.7723,13200.4303,499714200,16203900760.0000,3,0.849671,1,-1.762503,0
2020-09-25,13013.5876,13152.1515,12933.0766,12974.9931,12967.7723,486543400,16888862924.0000,3,0.827277,1,0.055683,0
2020-09-28,13025.6260,13030.9907,12716.6074,12732.1633,12974.9931,418383800,13828293489.0000,3,0.711384,1,-1.871522,0
2020-09-29,12774.8631,12852.1775,12609.8926,12788.8436,12732.1633,425757700,15127679455.0000,3,0.723922,1,0.445174,0
2020-09-30,12833.0003,12981.0767,12759.8761,12827.1811,12788.8436,411275400,15034974269.0000,3,0.699297,1,0.299773,0
2020-10-09,13019.8644,13172.4095,13012.9345,13139.9885,12827.1811,521998900,18486112419.0000,3,0.887562,1,2.438629,0
2020-10-12,13219.2008,13436.0538,13207.9822,13436.0538,13139.9885,651005000,22587232056.0000,3,1.106852,1,2.253163,0
2020-10-13,13463.1308,13629.1723,13419.0057,13599.4183,13436.0538,620686700,21642638642.0000,3,1.055304,1,1.215867,0
2020-10-14,13580.0157,13702.7369,13483.9776,13557.3874,13599.4183,603774800,22442595530.0000,3,1.026550,1,-0.309064,0
2020-10-15,13571.8512,13571.8512,13385.8562,13439.3640,13557.3874,460635800,17342049618.0000,3,0.783182,1,-0.870547,0
2020-10-16,13466.5013,13540.7557,13342.1924,13535.3481,13439.3640,520488500,18041664936.0000,3,0.884945,1,0.714201,0
2020-10-19,13588.0717,13589.5180,13223.8675,13250.1688,13535.3481,573740000,20785234618.0000,3,0.975484,1,-2.106923,0
2020-10-20,13216.9255,13352.0680,13115.6645,13352.0680,13250.1688,410304500,15264838129.0000,3,0.697608,1,0.769041,0
2020-10-21,13362.8097,13504.1113,13267.2281,13294.4354,13352.0680,450116600,17097605020.0000,3,0.765297,1,-0.431638,0
2020-10-22,13271.5550,13271.5550,13021.3993,13133.6874,13294.4354,402599500,14357839519.0000,3,0.684508,1,-1.209137,0
2020-10-23,13139.5761,13231.5732,12782.3659,12817.8735,13133.6874,504409200,17375643958.0000,3,0.857607,1,-2.404610,0
2020-10-26,12774.6145,12903.3443,12614.2082,12880.1851,12817.8735,377485900,14037670140.0000,3,0.641809,1,0.486131,0
2020-10-27,12845.1577,13032.7719,12798.2182,13026.3478,12880.1851,372882200,14433363949.0000,3,0.633982,1,1.134787,0
2020-10-28,13062.1128,13064.6859,12861.3242,12967.3368,13026.3478,482759000,16335521570.0000,3,0.820796,1,-0.453013,0
2020-10-29,12838.3446,13170.5116,12812.1671,13124.3822,12967.3368,620610600,20880769200.0000,3,1.055170,1,1.211084,0
2020-10-30,13165.5890,13186.6206,12815.6196,12863.1614,13124.3822,575443900,20187759014.0000,3,0.978377,1,-1.990347,0
2020-11-02,12872.4938,12901.2021,12678.6332,12754.4804,12863.1614,556559300,18122905315.0000,3,0.946269,1,-0.844901,0
2020-11-03,12791.2084,12953.2184,12719.5561,12952.7047,12754.4804,427983200,14400465427.0000,3,0.727662,1,1.554154,0
2020-11-04,12959.5471,12992.3642,12835.7213,12937.0632,12952.7047,367536700,12342483373.0000,3,0.624172,1,-0.120759,0
2020-11-05,13028.3731,13095.0983,12953.0037,13051.6588,12937.0632,484587300,15147399665.0000,3,0.822955,1,0.885793,0
2020-11-06,13059.4857,13062.4398,12758.7146,12890.8105,13051.6588,527549600,19161770485.0000,3,0.895916,1,-1.232397,0
2020-11-09,12916.4944,13089.7389,12916.4944,13022.6536,12890.8105,645485400,20596738562.0000,3,1.096201,1,1.022768,0
2020-11-10,13126.4401,13178.0947,12900.4972,12948.6965,13022.6536,604930800,22624758244.0000,3,1.027329,1,-0.567911,0
2020-11-11,12919.2438,12919.2438,12680.0378,12731.2979,12948.6965,575411700,23593025425.0000,3,0.977198,1,-1.678923,0
2020-11-12,12773.4270,12890.0120,12760.1902,12803.7999,12731.2979,446322500,18271225144.0000,3,0.757971,1,0.569478,0
2020-11-13,12774.0172,12786.9500,12670.2552,12784.4136,12803.7999,420731700,16749446300.0000,3,0.714511,1,-0.151411,0
2020-11-16,12820.1269,12873.2726,12723.9270,12872.3008,12784.4136,436561700,15577498631.0000,3,0.741386,1,0.687456,0
2020-11-17,12837.7065,12837.7065,12608.5615,12674.0406,12872.3008,467581000,17477542508.0000,3,0.794064,1,-1.540208,0
2020-11-18,12687.2502,12734.0485,12552.6493,12592.5501,12674.0406,442575700,17740828692.0000,3,0.751599,1,-0.642972,0
2020-11-19,12570.5948,12649.7441,12473.9544,12633.7247,12592.5501,372028000,13267511068.0000,3,0.631792,1,0.326976,0
2020-11-20,12636.5929,12738.9868,12624.0797,12729.4526,12633.7247,410121000,12781357362.0000,3,0.696483,1,0.757717,0
2020-11-23,12723.5919,12729.5042,12615.2587,12696.8882,12729.4526,558236300,17188174710.0000,3,0.948018,1,-0.255819,0
2020-11-24,12666.8880,12666.8880,12576.2411,12600.4852,12696.8882,487215800,14545865330.0000,3,0.827055,1,-0.759265,0
2020-11-25,12611.8777,12614.1607,12407.9900,12414.2872,12600.4852,598918000,19751426991.0000,3,1.016671,1,-1.477705,0
2020-11-26,12408.5075,12476.9082,12308.4093,12377.5432,12414.2872,448553000,15012670232.0000,3,0.761424,1,-0.295982,0
2020-11-27,12392.0114,12466.2977,12301.1850,12408.5013,12377.5432,372403100,12195080032.0000,3,0.632159,1,0.250115,0
2020-11-30,12411.3664,12415.1743,12248.4163,12361.2239,12408.5013,495036200,16555746230.0000,3,0.837725,1,-0.381008,0
2020-12-01,12345.5000,12554.2298,12339.8404,12530.9125,12361.2239,513213400,17962706985.0000,3,0.868485,1,1.372749,0
2020-12-02,12555.5805,12582.3320,12432.2754,12529.8028,12530.9125,459095100,15047845247.0000,3,0.776903,1,-0.008856,0
2020-12-03,12548.9470,12728.6384,12513.5747,12665.6082,12529.8028,629654800,21596778795.0000,3,1.065646,1,1.083859,0
2020-12-04,12660.1840,12791.1621,12621.2419,12780.3984,12665.6082,530109600,18850437923.0000,3,0.897173,1,0.906314,0
2020-12-07,12766.6292,12802.5689,12668.8493,12679.2374,12780.3984,475246400,16383933295.0000,3,0.804321,1,-0.791532,0
2020-12-08,12686.2369,12740.2318,12632.4930,12641.9759,12679.2374,378196100,12861988090.0000,3,0.640070,1,-0.293878,0
2020-12-09,12679.2762,12719.6342,12485.4449,12505.6456,12641.9759,509739400,19077598081.0000,3,0.862698,1,-1.078394,0
2020-12-10,12478.8066,12614.0133,12416.6224,12588.7417,12505.6456,508984300,19187427906.0000,3,0.861407,1,0.664469,0
2020-12-11,12578.6117,12616.0381,12408.3529,12472.6430,12588.7417,711112900,25874216760.0000,3,1.203490,1,-0.922242,0
2020-12-14,12454.5061,12604.2216,12379.5790,12604.2216,12472.6430,437197200,17981899880.0000,3,0.739914,1,1.054938,0
2020-12-15,12577.7136,12808.7427,12546.7724,12699.0535,12604.2216,580018700,27745844028.0000,3,1.068129,1,0.752382,0
2020-12-16,12710.4266,12764.8221,12616.3419,12692.5298,12699.0535,515568200,22507387696.0000,3,0.949441,1,-0.051372,0
2020-12-17,12742.5065,12906.6535,12739.1127,12840.9678,12692.5298,673884400,32680619357.0000,3,1.240987,1,1.169491,0
2020-12-18,12820.8898,12820.8898,12651.2375,12702.9163,12840.9678,526917400,23290561313.0000,3,0.970341,1,-1.075086,0
2020-12-21,12705.9993,12827.5777,12583.1428,12822.3746,12702.9163,523502800,22189673972.0000,3,0.964053,1,0.940401,0
2020-12-22,12818.4825,13026.9423,12778.7375,12814.7968,12822.3746,756563400,28049703197.0000,3,1.393244,1,-0.059098,0
2020-12-23,12782.4490,12787.0396,12586.8971,12694.3230,12814.7968,616152300,23980481530.0000,3,1.134652,1,-0.940115,0
2020-12-24,12695.1535,12695.1535,12521.1553,12521.7850,12694.3230,596649000,21357423610.0000,3,1.098737,1,-1.359174,0
2020-12-25,12495.6069,12655.0283,12461.6722,12634.7823,12521.7850,457386400,19899860534.0000,3,0.842283,1,0.902406,0
2020-12-28,12650.7329,12667.6061,12494.3078,12509.4129,12634.7823,579308300,22550403799.0000,3,0.980409,1,-0.992256,0
2020-12-29,12484.7497,12519.2785,12389.2846,12392.7069,12509.4129,456453500,18699383202.0000,3,0.000000,1,-0.932945,0
2020-12-30,12378.9565,12485.8794,12354.0840,12479.4066,12392.7069,414080600,18837080678.0000,3,0.762633,1,0.699603,0
2020-12-31,12470.8798,12646.6369,12462.1490,12638.2874,12479.4066,574027800,25012703215.0000,3,1.057216,1,1.273144,0
2021-01-04,12646.0937,12691.2605,12528.2369,12650.0829,12638.2874,664857400,27905141798.0000,3,1.224501,1,0.093331,0
2021-01-05,12621.9613,12902.5265,12605.6804,12902.5265,12650.0829,779058700,32177964683.0000,3,1.434791,1,1.995589,0
2021-01-06,12921.6161,13109.4293,12887.4021,13109.4293,12902.5265,759810900,29443318460.0000,3,1.399342,1,1.603584,0
2021-01-07,13106.6972,13106.6972,12808.1255,12905.9397,13109.4293,671821900,26212920253.0000,3,1.237293,1,-1.552238,0
2021-01-08,12872.4797,13013.7864,12870.3401,12961.9519,12905.9397,555100200,23696744844.0000,3,1.022327,1,0.434003,0
2021-01-11,12952.9390,12998.1900,12723.7037,12767.2762,12961.9519,644868100,26952437957.0000,3,1.091461,1,-1.501901,0
2021-01-12,12751.9980,12980.7350,12751.2666,12979.7605,12767.2762,583272500,24253627630.0000,3,1.074003,1,1.664288,0
2021-01-13,12973.8148,12980.5957,12755.2101,12839.8252,12979.7605,707911800,28542000966.0000,3,1.303507,1,-1.078104,0
2021-01-14,12808.6208,12849.4985,12680.0591,12725.2275,12839.8252,515522100,22807273489.0000,3,0.949252,1,-0.892518,0
2021-01-15,12731.2515,12732.5127,12539.7258,12674.5686,12725.2275,451336400,21187031524.0000,3,0.831064,1,-0.398098,0
2021-01-18,12658.9503,12808.1368,12567.8236,12748.9042,12674.5686,514182100,20021010579.0000,3,0.870271,1,0.586494,0
2021-01-19,12752.6900,12769.9713,12625.5324,12643.2597,12748.9042,510338000,21165211001.0000,3,0.939888,1,-0.828656,0
2021-01-20,12683.4330,12881.0317,12643.1371,12875.3017,12643.2597,471769200,20372439672.0000,3,0.868856,1,1.835302,0
2021-01-21,12964.9211,13163.8184,12964.7323,13129.7124,12875.3017,595845500,24787354045.0000,3,1.097367,1,1.975959,0
2021-01-22,13163.8475,13455.1559,13161.2563,13451.3340,13129.7124,721655400,31072609578.0000,3,1.328873,1,2.449571,0
2021-01-25,13533.0063,13561.5259,13363.0171,13417.7300,13451.3340,720240600,31319735228.0000,3,1.218865,1,-0.249819,0
2021-01-26,13380.1047,13380.1047,13059.2279,13074.3611,13417.7300,713884800,26419232932.0000,3,1.314564,1,-2.559068,0
2021-01-27,13018.3942,13116.5665,12867.7387,12997.5564,13074.3611,517477900,20758453062.0000,3,0.952896,1,-0.587445,0
2021-01-28,12855.1086,12945.5239,12683.5191,12698.6799,12997.5564,529121700,21405434791.0000,3,0.974337,1,-2.299482,0
2021-01-29,12756.4750,12829.0561,12432.0599,12549.3817,12698.6799,534505400,21869630577.0000,3,0.984251,1,-1.175699,0
2021-02-01,12553.7356,12680.2242,12505.2729,12646.7679,12549.3817,459642100,18947935561.0000,3,0.846396,1,0.776024,0
2021-02-02,12669.5676,12761.5467,12518.9763,12736.5695,12646.7679,487070700,20564222553.0000,3,0.896863,1,0.710075,0
2021-02-03,12724.1029,12813.0144,12590.2098,12645.0164,12736.5695,499204500,20463066912.0000,3,0.919205,1,-0.718821,0
2021-02-04,12599.3445,12668.1166,12269.9990,12398.4229,12645.0164,486568000,18813880207.0000,3,0.895937,1,-1.950124,0
2021-02-05,12452.6084,12667.9107,12452.6084,12520.0702,12398.4229,439392300,20397241910.0000,3,0.809071,1,0.981151,0
2021-02-08,12533.4728,12681.0131,12480.0069,12655.5155,12520.0702,503688500,22672579826.0000,3,0.852358,1,1.081825,0
2021-02-09,12676.5228,12967.7987,12599.8280,12919.1498,12655.5155,533981900,22280840835.0000,3,0.983243,1,2.083157,0
2021-02-10,12952.9144,13220.5869,12905.5186,13188.0625,12919.1498,605476300,25752832383.0000,3,1.114836,1,2.081505,0
2021-02-18,13311.6260,13323.5363,12954.0621,13014.2054,13188.0625,664606500,30399100318.0000,3,1.124620,1,-1.318291,0
2021-02-19,12963.4002,13196.8735,12846.2763,13176.8407,13014.2054,588631200,24457188402.0000,3,1.083819,1,1.249675,0
2021-02-22,13193.1958,13193.1958,12902.3060,12905.2913,13176.8407,720418300,30625402705.0000,3,1.219062,1,-2.060808,0
2021-02-23,12820.0897,13030.7510,12771.9214,12919.8490,12905.2913,629127800,25228905958.0000,3,1.158384,1,0.112804,0
2021-02-24,12902.1481,12914.1063,12539.9815,12629.5303,12919.8490,572133400,26283544448.0000,3,1.053441,1,-2.247075,0
2021-02-25,12687.7092,12716.5488,12560.2887,12590.7192,12629.5303,464798500,20463063202.0000,3,0.855812,1,-0.307304,0
2021-02-26,12386.4215,12549.9411,12305.6993,12392.2274,12590.7192,504820200,22583953660.0000,3,0.929502,1,-1.576493,0
2021-03-01,12460.2034,12539.7879,12377.2287,12534.2316,12392.2274,463431400,20902753728.0000,3,0.784198,1,1.145913,0
2021-03-02,12587.8388,12587.8388,12277.7599,12347.2946,12534.2316,448574600,20422659199.0000,3,0.825938,1,-1.491412,0
2021-03-03,12329.1632,12451.5970,12294.0700,12447.8124,12347.2946,407395400,17059526584.0000,3,0.750117,1,0.814088,0
2021-03-04,12380.5478,12380.5478,12081.4965,12123.1351,12447.8124,494334800,21451894608.0000,3,0.910194,1,-2.608308,0
2021-03-05,12010.2897,12256.7475,11979.5852,12200.1393,12123.1351,444333400,19098484253.0000,3,0.818129,1,0.635184,0
2021-03-08,12257.0274,12321.3066,11829.7035,11830.7097,12200.1393,559822800,24453720436.0000,3,0.946963,1,-3.028077,0
2021-03-09,11813.0346,11832.4888,11418.1608,11532.7707,11830.7097,564079800,24115693398.0000,3,1.038177,1,-2.518353,0
2021-03-10,11673.6434,11746.0271,11567.3122,11615.0358,11532.7707,406632100,19040164778.0000,3,0.748398,1,0.713316,0
2021-03-11,11640.4734,11845.8348,11557.3013,11810.6679,11615.0358,417024300,19209777849.0000,3,0.767524,1,1.684300,0
2021-03-12,11837.9914,11839.3572,11643.0949,11826.8820,11810.6679,377203600,15666516016.0000,3,0.694235,1,0.137284,0
2021-03-15,11776.0079,11812.5516,11556.4207,11645.5967,11826.8820,436125400,19148022739.0000,3,0.737708,1,-1.532824,0
2021-03-16,11676.3043,11827.8728,11667.0202,11821.0337,11645.5967,368743500,14895135492.0000,3,0.678665,1,1.506466,0
2021-03-17,11809.2802,11938.7327,11724.1504,11931.7870,11821.0337,349267700,14031870575.0000,3,0.642820,1,0.936917,0
2021-03-18,11932.7837,12081.0845,11912.9063,12029.9566,11931.7870,404948600,14918300118.0000,3,0.745299,1,0.822757,0
2021-03-19,11904.7711,12089.4424,11878.0674,11989.6565,12029.9566,494224400,16080705858.0000,3,0.909609,1,-0.334998,0
2021-03-22,11991.7738,12110.1211,11938.3787,12104.8498,11989.6565,425986600,15663472863.0000,3,0.784019,1,0.960772,0
2021-03-23,12103.1473,12170.1630,11968.6989,12054.7585,12104.8498,384723400,13180625901.0000,3,0.708075,1,-0.413812,0
2021-03-24,12007.3343,12130.2524,11942.1942,11966.2408,12054.7585,412859500,15350828413.0000,3,0.759859,1,-0.734297,0
2021-03-25,11922.2670,12102.3059,11888.2435,12026.0665,11966.2408,388973600,15122573656.0000,3,0.715073,1,0.499954,0
2021-03-26,12035.8419,12206.6429,12027.5613,12183.0731,12026.0665,426739600,20023630001.0000,3,0.784500,1,1.305552,0
2021-03-29,12181.9252,12209.3954,12079.0877,12156.4715,12183.0731,404090500,16193360490.0000,3,0.742863,1,-0.218349,0
2021-03-30,12143.5578,12327.3957,12129.3094,12250.2281,12156.4715,434041800,18972345882.0000,3,0.797915,1,0.771248,0
2021-03-31,12225.8291,12244.3938,12126.0722,12212.1115,12250.2281,365292600,14749610611.0000,3,0.671531,1,-0.311150,0
2021-04-01,12240.7237,12347.4637,12214.2920,12333.3885,12212.1115,327569500,13545071127.0000,3,0.602183,1,0.993088,0
2021-04-02,12364.8882,12417.3198,12290.3258,12347.8777,12333.3885,319566200,14253128794.0000,3,0.587470,1,0.117479,0
2021-04-06,12358.7950,12368.8267,12265.5849,12345.5158,12347.8777,317710600,12797237169.0000,3,0.584059,1,-0.019128,0
2021-04-07,12337.5392,12337.7135,12150.5511,12281.4086,12345.5158,332014800,14095663761.0000,3,0.610355,1,-0.519275,0
2021-04-08,12240.9315,12391.6169,12160.0803,12375.9384,12281.4086,416583100,17133706642.0000,3,0.765820,1,0.769698,0
2021-04-09,12366.1668,12414.5069,12257.9755,12327.5389,12375.9384,364836000,14343290198.0000,3,0.670691,1,-0.391077,0
2021-04-12,12284.1361,12334.7050,12036.0423,12075.7544,12327.5389,421353300,17767703122.0000,3,0.774589,1,-2.042456,0
2021-04-13,12037.3626,12204.0428,12037.3626,12131.9577,12075.7544,363824900,14604445210.0000,3,0.667020,1,0.465423,0
2021-04-14,12134.4432,12244.5963,12097.3210,12188.0243,12131.9577,416072000,19703141178.0000,3,0.762808,1,0.462140,0
2021-04-15,12159.0330,12203.5411,12052.7908,12151.9690,12188.0243,363073000,15807573060.0000,3,0.665642,1,-0.295826,0
2021-04-16,12160.7336,12239.3852,12080.4098,12212.9515,12151.9690,446245100,17543374566.0000,3,0.818126,1,0.501832,0
2021-04-19,12188.2355,12343.4173,12113.0255,12329.0712,12212.9515,467586900,20678675721.0000,3,0.857253,1,0.950791,0
2021-04-20,12312.0933,12476.5587,12298.5015,12406.3537,12329.0712,441281900,21321419992.0000,3,0.809027,1,0.626831,0
2021-04-21,12358.7643,12652.3878,12349.0481,12649.4878,12406.3537,576484500,21943096994.0000,3,1.056901,1,1.959755,0
2021-04-22,12661.8837,12711.4234,12610.4157,12654.5695,12649.4878,520653700,18703673322.0000,3,0.954543,1,0.040173,0
2021-04-23,12644.1141,12802.4995,12641.8165,12728.4663,12654.5695,497545500,21805532677.0000,3,0.912178,1,0.583953,0
2021-04-26,12852.3538,12987.3176,12645.5807,12656.7008,12728.4663,723503800,28253531095.0000,3,1.324659,1,-0.563819,0
2021-04-27,12632.2558,12838.4259,12572.2471,12835.6969,12656.7008,631457700,21532642220.0000,3,1.156132,1,1.414240,0
2021-04-28,12785.1699,12919.4300,12728.0514,12902.8039,12835.6969,755842300,27678806774.0000,3,1.383867,1,0.522815,0
2021-04-29,12877.8721,12976.2456,12786.6695,12887.3452,12902.8039,772989800,26263889173.0000,3,1.413603,1,-0.119809,0
2021-04-30,12842.3789,13089.5346,12827.3736,13083.3264,12887.3452,886234600,31195995776.0000,3,1.620694,1,1.520726,0
2021-05-06,12991.0820,12991.0820,12615.8558,12700.4478,13083.3264,857591700,33796794413.0000,3,1.568313,1,-2.926462,0
2021-05-07,12724.8501,12759.2476,12418.6158,12418.6158,12700.4478,657838100,25242629112.0000,3,1.203011,1,-2.219071,0
2021-05-10,12487.2760,12614.1438,12437.0414,12498.3525,12418.6158,587478000,20349807655.0000,3,1.062021,1,0.642074,0
2021-05-11,12473.0789,12694.7729,12394.7008,12674.7322,12498.3525,690699100,27634129104.0000,3,1.248620,1,1.411224,0
2021-05-12,12626.3556,12856.3858,12546.5211,12827.6087,12674.7322,661962800,23012957554.0000,3,1.196159,1,1.206152,0
2021-05-13,12732.1806,13101.2689,12725.5017,12982.6898,12827.6087,922756400,28149624813.0000,3,1.667409,1,1.208963,0
2021-05-14,13000.4388,13250.6288,12932.4122,13175.2073,12982.6898,921256600,36438759696.0000,3,1.664699,1,1.482878,0
2021-05-17,13220.0468,13392.9899,13220.0468,13314.7483,13175.2073,833615400,33304656576.0000,3,1.506333,1,1.059118,0
2021-05-18,13299.7883,13338.6832,13146.0694,13335.4794,13314.7483,816972400,27239766379.0000,3,1.475110,1,0.155700,0
2021-05-19,13344.3397,13344.3397,13174.7274,13227.9747,13335.4794,740178800,23676853661.0000,3,1.336453,1,-0.806155,0
2021-05-20,13184.3834,13328.9252,13168.2788,13253.1389,13227.9747,679919200,24282228743.0000,3,1.227650,1,0.190235,0
2021-05-21,13275.2344,13303.5995,13114.1479,13145.6334,13253.1389,579284900,23591016299.0000,3,1.045925,1,-0.811170,0
2021-05-24,13149.4883,13167.4624,12952.4139,13162.8786,13145.6334,530312000,22001681192.0000,3,0.957503,1,0.131186,0
2021-05-25,13222.7175,13412.2442,13222.0790,13386.1936,13162.8786,659328000,29121241562.0000,3,1.190447,1,1.696551,0
2021-05-26,13362.1445,13642.2353,13319.9010,13542.5793,13386.1936,797849100,31527284898.0000,3,1.440553,1,1.168261,0
2021-05-27,13518.7575,13589.1622,13406.2869,13576.8174,13542.5793,619354500,25786364730.0000,3,1.115548,1,0.252818,0
2021-05-28,13572.7631,13572.7631,13280.9253,13345.4575,13576.8174,638935100,27003578044.0000,3,1.150815,1,-1.704081,0
2021-05-31,13343.9642,13534.5703,13343.9642,13509.9240,13345.4575,610651100,24482243126.0000,3,1.099872,1,1.232378,0
2021-06-01,13547.7732,13579.4451,13382.2293,13565.9594,13509.9240,593961700,25686348544.0000,3,1.069812,1,0.414772,0
2021-06-02,13548.3608,13564.5934,13291.4970,13348.4383,13565.9594,630682600,25929011104.0000,3,1.135951,1,-1.603433,0
2021-06-03,13344.7828,13409.7646,13255.9400,13262.5173,13348.4383,519613100,22723381978.0000,3,0.935866,1,-0.643678,0
2021-06-04,13231.7306,13351.1950,13188.3098,13305.0788,13262.5173,537265000,21692962531.0000,3,0.967658,1,0.320916,0
2021-06-07,13314.6842,13418.0527,13224.8000,13393.5965,13305.0788,541524300,21183131421.0000,3,0.972511,1,0.665293,0
2021-06-08,13393.6581,13469.4882,13108.5939,13181.9272,13393.5965,567430200,26699515537.0000,3,1.011357,1,-1.580377,0
2021-06-09,13134.0730,13222.2311,13054.0016,13180.6134,13181.9272,518757900,22106242864.0000,3,0.924649,1,-0.009967,0
2021-06-10,13186.0441,13279.4337,13164.5927,13234.9148,13180.6134,555097800,24506372138.0000,3,0.968829,1,0.411979,0
2021-06-11,13242.6460,13242.6460,13060.8170,13088.0850,13234.9148,613976400,25045157293.0000,3,1.071591,1,-1.109413,0
2021-06-15,13073.9638,13077.1419,12888.9018,12905.8383,13088.0850,531865000,25431870581.0000,3,1.011632,1,-1.392463,0
2021-06-16,12906.6181,12935.5436,12685.9045,12702.8240,12905.8383,423515800,21980169404.0000,3,0.805546,1,-1.573042,0
2021-06-17,12680.9649,12797.5950,12680.7614,12716.0653,12702.8240,365393400,17887675731.0000,3,0.694986,1,0.104239,0
2021-06-18,12728.6312,12824.4765,12693.7609,12805.1840,12716.0653,390864600,19739676550.0000,3,0.743433,1,0.700836,0
2021-06-21,12785.5856,13060.9044,12740.9845,13052.5085,12805.1840,489569400,23129361624.0000,3,0.931160,1,1.931440,0
2021-06-22,13073.6462,13206.3729,13020.6842,13197.3033,13052.5085,493439000,28022549845.0000,3,0.938520,1,1.109325,0
2021-06-23,13183.2636,13264.3184,13123.8821,13229.2597,13197.3033,535124400,28525506440.0000,3,1.015802,1,0.242143,0
2021-06-24,13194.9111,13200.8253,13014.6909,13091.8595,13229.2597,504077800,25465129067.0000,3,0.956868,1,-1.038608,0
2021-06-25,13086.8568,13189.7900,13026.5602,13181.1201,13091.8595,460073900,24975560584.0000,3,0.873335,1,0.681802,0
2021-06-28,13198.2004,13418.1757,13198.2004,13414.5354,13181.1201,578481800,29155262100.0000,3,1.098103,1,1.770831,0
2021-06-29,13450.8330,13498.0179,13347.4256,13397.0669,13414.5354,515610300,24368671516.0000,3,0.974466,1,-0.130221,0
2021-06-30,13357.5953,13438.8504,13290.1153,13409.1398,13397.0669,576082100,25075044614.0000,3,1.088753,1,0.090116,0
2021-07-01,13395.8191,13733.2724,13386.9196,13591.5528,13409.1398,752968800,32174847557.0000,3,1.422834,1,1.360363,0
2021-07-02,13559.5996,13559.5996,13220.4863,13246.8574,13591.5528,655311800,32230180884.0000,3,1.238298,1,-2.536100,0
2021-07-05,13188.5622,13257.3499,13094.6832,13143.8463,13246.8574,624891300,31553093668.0000,3,1.180787,1,-0.777627,0
2021-07-06,13140.8833,13141.2554,12584.6369,12782.0988,13143.8463,736202200,41430746546.0000,3,1.391119,1,-2.752219,0
2021-07-07,12687.7713,12909.6031,12664.1230,12866.1973,12782.0988,466345500,26866130339.0000,3,0.881198,1,0.657940,0
2021-07-08,12902.9971,12910.1589,12627.6449,12629.9221,12866.1973,543077100,25781420923.0000,3,1.026188,1,-1.836403,0
2021-07-09,12581.9240,12660.4137,12432.1959,12638.3908,12629.9221,421984000,21882013087.0000,3,0.797373,1,0.067053,0
2021-07-12,12672.7673,12800.9097,12540.8252,12767.6673,12638.3908,563609600,29238541080.0000,3,1.064978,1,1.022887,0
2021-07-13,12765.2272,12866.5209,12703.9104,12790.2443,12767.6673,448053600,21109125365.0000,3,0.846627,1,0.176829,0
2021-07-14,12766.5296,13009.1432,12718.8646,12917.2101,12790.2443,640121800,29889598394.0000,3,1.209549,1,0.992677,0
2021-07-15,12889.2554,12904.9939,12757.8264,12900.1534,12917.2101,560730600,27164159882.0000,3,1.053956,1,-0.132046,0
2021-07-16,12907.0020,12927.6147,12815.5322,12852.6801,12900.1534,565825100,27788081747.0000,3,1.063531,1,-0.368006,0
2021-07-19,12830.0333,13006.0312,12816.9858,12990.8892,12852.6801,601934300,29243536692.0000,3,1.131403,1,1.075333,0
2021-07-20,13000.0419,13148.6523,12966.5208,13016.1670,12990.8892,581952200,27994844714.0000,3,1.093844,1,0.194581,0
2021-07-21,13055.6113,13140.5579,13001.0912,13137.2981,13016.1670,582693500,29979538327.0000,3,1.095238,1,0.930620,0
2021-07-22,13088.9178,13090.6883,12823.2773,12853.4578,13137.2981,625685000,33733959190.0000,3,1.176016,1,-2.160568,0
2021-07-23,12837.3530,12840.3231,12542.5777,12594.3796,12853.4578,630312600,31280932537.0000,3,1.184713,1,-2.015630,0
2021-07-26,12539.3999,12539.3999,11960.1008,12117.9948,12594.3796,742555400,36308451782.0000,3,1.395681,1,-3.782519,0
2021-07-27,12080.9438,12179.9797,11793.6359,11793.6359,12117.9948,677131800,34750767568.0000,3,1.272713,1,-2.676671,0
2021-07-28,11727.6541,11940.5181,11564.1710,11939.3381,11793.6359,602641000,31214039086.0000,3,1.132703,1,1.235431,0
2021-07-29,12057.1428,12148.5534,12027.4412,12089.6639,11939.3381,540607800,28052247283.0000,3,1.016104,1,1.259080,0
2021-07-30,12048.2140,12070.2868,11773.2303,12065.2855,12089.6639,629869300,29797953230.0000,3,1.183876,1,-0.201647,0
2021-08-02,12043.9438,12223.4324,11810.4342,12195.9640,12065.2855,634810300,33294083163.0000,3,1.193163,1,1.083095,0
2021-08-03,12173.1283,12653.3256,12165.7655,12629.1777,12195.9640,701932200,34992006038.0000,3,1.319323,1,3.552107,0
2021-08-04,12633.8402,12633.8402,12414.0125,12571.9945,12629.1777,587558600,29938298524.0000,3,1.104332,1,-0.452786,0
2021-08-05,12559.4416,12682.0876,12477.6111,12486.6592,12571.9945,567072300,28144605614.0000,3,1.064010,1,-0.678773,0
2021-08-06,12409.8746,12409.8746,12055.9588,12150.3413,12486.6592,596137700,32478090645.0000,3,1.118544,1,-2.693418,0
2021-08-09,12076.8746,12335.3049,12053.8838,12312.5706,12150.3413,535385200,27071077414.0000,3,1.004060,1,1.335183,0
2021-08-10,12321.7271,12420.0746,12202.8211,12416.5945,12312.5706,488612800,26508616584.0000,3,0.916343,1,0.844859,0
2021-08-11,12398.0541,12410.8288,12308.6077,12312.8729,12416.5945,539174100,25058824508.0000,3,1.011166,1,-0.835347,0
2021-08-12,12273.4688,12372.8845,12191.0620,12205.2209,12312.8729,539232400,25893476177.0000,3,1.011275,1,-0.874304,0
2021-08-13,12164.0338,12283.0429,12126.2466,12194.3509,12205.2209,497107500,22215876771.0000,3,0.932274,1,-0.089060,0
2021-08-16,12180.0306,12387.5836,12152.3555,12317.7037,12194.3509,460673700,19699130877.0000,3,0.863946,1,1.011557,0
2021-08-17,12298.0518,12329.0913,11998.1720,12008.7725,12317.7037,559140500,26179839383.0000,3,1.048611,1,-2.508026,0
2021-08-18,12039.6059,12160.5748,12015.0886,12067.7795,12008.7725,423506700,20055921256.0000,3,0.794244,1,0.491366,0
2021-08-19,12059.0496,12180.7402,12054.9943,12101.4504,12067.7795,465077800,20849492503.0000,3,0.872206,1,0.279015,0
2021-08-20,12027.3024,12027.3024,11532.5301,11609.2224,12101.4504,649572600,34519562307.0000,3,1.218207,1,-4.067512,0
2021-08-23,11582.7956,11713.4512,11483.8661,11676.9861,11609.2224,630822300,31165749158.0000,3,1.183043,1,0.583706,0
2021-08-24,11694.5000,11840.3661,11675.7992,11816.5984,11676.9861,553694800,28858924925.0000,3,1.038398,1,1.195619,0
2021-08-25,11826.8842,11935.7137,11769.5053,11929.9973,11816.5984,491750600,24486695927.0000,3,0.922228,1,0.959658,0
2021-08-26,11916.3656,11916.3656,11585.1414,11593.6966,11929.9973,604682000,25047076910.0000,3,1.134019,1,-2.818950,0
2021-08-27,11579.4685,11635.2862,11459.4678,11486.8716,11593.6966,485845900,21825359814.0000,3,0.910192,1,-0.921406,0
2021-08-30,11475.3241,11519.3197,11349.4053,11421.8215,11486.8716,530254200,22419432755.0000,3,0.993395,1,-0.566300,0
2021-08-31,11423.2437,11475.5755,11286.2426,11374.8268,11421.8215,456854200,20936996770.0000,3,0.855885,1,-0.411447,0
2021-09-01,11353.9580,11509.9500,11168.4424,11488.1787,11374.8268,558840400,24148394227.0000,3,0.000000,1,0.996515,0
2021-09-02,11468.4857,11505.4680,11318.3000,11335.7455,11488.1787,466919900,21216949237.0000,3,0.874743,1,-1.326870,0
2021-09-03,11311.6115,11464.8536,11248.5183,11422.2620,11335.7455,508791500,20881315885.0000,3,0.953186,1,0.763218,0
2021-09-06,11447.5986,11764.1006,11447.5986,11740.0637,11422.2620,615480900,26901066278.0000,3,1.153062,1,2.782301,0
2021-09-07,11779.8654,11806.7666,11684.4247,11794.7906,11740.0637,538329400,22512137872.0000,3,1.008524,1,0.466155,0
2021-09-08,11791.3859,11815.5082,11699.5886,11724.6245,11794.7906,504489600,19217390624.0000,3,0.945127,1,-0.594891,0
2021-09-09,11715.9600,11792.9917,11677.2176,11752.2371,11724.6245,463708200,16881098934.0000,3,0.868726,1,0.235509,0
2021-09-10,11732.5700,11734.6027,11585.4935,11646.0619,11752.2371,458200000,17155037626.0000,3,0.858407,1,-0.903447,0
2021-09-13,11663.9419,11816.4712,11603.7881,11627.0334,11646.0619,454084700,18926115992.0000,3,0.850696,1,-0.163390,0
2021-09-14,11642.1287,11756.7278,11572.9129,11579.3331,11627.0334,566766800,21609259686.0000,3,1.061799,1,-0.410253,0
2021-09-15,11553.5779,11591.8843,11417.6885,11513.6371,11579.3331,524306200,22798622105.0000,3,0.982227,1,-0.567356,0
2021-09-16,11495.5048,11600.1216,11444.8057,11461.1782,11513.6371,572862000,22419828228.0000,3,1.074290,1,-0.455624,0
2021-09-17,11444.2218,11689.5107,11391.1904,11684.1025,11461.1782,561693500,26760349012.0000,3,1.053345,1,1.945038,0
2021-09-22,11546.9858,11742.9688,11534.0939,11657.4950,11684.1025,458872400,20475202259.0000,3,0.860525,1,-0.227724,0
2021-09-23,11648.7975,11833.2425,11633.8737,11721.7724,11657.4950,501137500,21237878308.0000,3,0.939784,1,0.551383,0
2021-09-24,11707.3036,11835.9880,11649.2170,11742.4370,11721.7724,481386100,21368250669.0000,3,0.902745,1,0.176292,0
2021-09-27,11743.7912,11931.7668,11727.6542,11808.9270,11742.4370,590239400,27807982391.0000,3,1.106874,1,0.566237,0
2021-09-28,11786.9634,11858.7260,11697.5595,11771.4576,11808.9270,413767400,19159819693.0000,3,0.775936,1,-0.317297,0
2021-09-29,11711.7236,11756.5848,11545.3072,11557.5042,11771.4576,463923300,20743380382.0000,3,0.869994,1,-1.817561,0
2021-09-30,11572.5584,11722.6221,11572.5584,11664.7560,11557.5042,358344800,18384352598.0000,3,0.672003,1,0.927984,0
2021-10-08,11699.0177,11867.3559,11629.2208,11843.6332,11664.7560,556104100,26265102721.0000,3,1.042859,1,1.533484,0
2021-10-11,11858.0975,11985.0420,11782.8415,11795.4186,11843.6332,462490700,22431809415.0000,3,0.867111,1,-0.407093,0
2021-10-12,11775.8364,11923.5802,11688.4148,11766.8628,11795.4186,412598000,18508216331.0000,3,0.773568,1,-0.242092,0
2021-10-13,11770.3018,11987.6873,11754.9402,11957.3735,11766.8628,402992500,19691873133.0000,3,0.755542,1,1.619044,0
2021-10-14,11965.7810,11994.4813,11806.3412,11821.8491,11957.3735,392803200,19474139102.0000,3,0.736439,1,-1.133396,0
2021-10-15,11786.0756,11822.5342,11709.9500,11736.3476,11821.8491,406549900,19619911341.0000,3,0.762211,1,-0.723250,0
2021-10-18,11711.8937,11712.6488,11512.2083,11542.2247,11736.3476,384828400,20362612163.0000,3,0.721487,1,-1.654032,0
2021-10-19,11529.9035,11746.7772,11528.9495,11732.1888,11542.2247,403756500,20078705041.0000,3,0.756974,1,1.645819,0
2021-10-20,11713.3046,11725.6797,11549.4740,11605.0358,11732.1888,431370400,21369227364.0000,3,0.809258,1,-1.083796,0
2021-10-21,11610.0743,11689.1795,11538.7182,11579.5141,11605.0358,361792000,15959102811.0000,3,0.678728,1,-0.219919,0
2021-10-22,11565.2523,11635.2773,11541.6799,11569.2463,11579.5141,359000300,16508898769.0000,3,0.673491,1,-0.088672,0
2021-10-25,11574.1405,11618.2861,11506.5437,11563.5899,11569.2463,371366700,15712710733.0000,3,0.694951,1,-0.048892,0
2021-10-26,11560.1276,11628.6879,11501.1742,11515.1080,11563.5899,425898400,19167587134.0000,3,0.796998,1,-0.419263,0
2021-10-27,11490.6572,11491.8459,11260.5358,11282.3318,11515.1080,428208600,18299050721.0000,3,0.801317,1,-2.021485,0
2021-10-28,11224.6112,11279.0840,11175.9096,11198.2773,11282.3318,484549400,19065066310.0000,3,0.906749,1,-0.745010,0
2021-10-29,11201.4298,11398.4015,11136.1874,11387.1077,11198.2773,489204200,19520506955.0000,3,0.915460,1,1.686245,0
2021-11-01,11413.3370,11494.4638,11335.3348,11481.0459,11387.1077,589338400,25448998123.0000,3,1.102844,1,0.824952,0
2021-11-02,11446.5395,11537.2415,11309.4451,11369.4737,11481.0459,517567600,22162221363.0000,3,0.968537,1,-0.971795,0
2021-11-03,11389.8027,11506.1755,11388.4431,11465.7959,11369.4737,442843800,19021466949.0000,3,0.828693,1,0.847200,0
2021-11-04,11480.7032,11525.7687,11434.0756,11505.7783,11465.7959,499100100,24130963697.0000,3,0.933965,1,0.348710,0
2021-11-05,11498.2825,11537.1098,11437.8278,11450.8223,11505.7783,477492100,21552937917.0000,3,0.892610,1,-0.477638,0
2021-11-08,11448.1668,11448.1668,11249.3950,11299.9541,11450.8223,480617100,22587758466.0000,3,0.898427,1,-1.317532,0
2021-11-09,11309.9135,11414.4951,11304.0792,11408.5014,11299.9541,337018000,16107684797.0000,3,0.629994,1,0.960599,0
2021-11-10,11438.2203,11570.8422,11374.4265,11563.6729,11408.5014,590122100,25747299222.0000,3,1.103127,1,1.360139,0
2021-11-11,11574.9272,11640.8367,11544.5154,11608.9349,11563.6729,471846500,20626877789.0000,3,0.882032,1,0.391415,0
2021-11-12,11634.6807,11696.4184,11624.6880,11662.7033,11608.9349,385246600,15541477320.0000,3,0.720165,1,0.463164,0
2021-11-15,11676.6250,11812.8325,11676.6250,11793.2468,11662.7033,534832600,21918066335.0000,3,0.999459,1,1.119325,0
2021-11-16,11804.2998,11959.1632,11799.6204,11911.9669,11793.2468,573444600,27930008376.0000,3,1.071615,1,1.006679,0
2021-11-17,11920.9092,11956.9837,11838.9535,11913.9963,11911.9669,423592300,20251734535.0000,3,0.793022,1,0.017037,0
2021-11-18,11900.0632,11900.0632,11747.7531,11747.7531,11913.9963,435953500,20109453792.0000,3,0.816164,1,-1.395361,0
2021-11-19,11713.3411,11760.3917,11681.3090,11753.8320,11747.7531,355983500,15896620133.0000,3,0.666450,1,0.051745,0
2021-11-22,11754.5157,11759.0402,11647.3393,11695.1842,11753.8320,441316600,18211570018.0000,3,0.826205,1,-0.498967,0
2021-11-23,11677.5428,11720.5126,11624.0628,11676.4785,11695.1842,408317400,17689313936.0000,3,0.764426,1,-0.159944,0
2021-11-24,11677.8863,11756.5488,11661.9137,11748.7363,11676.4785,361055600,16340671519.0000,3,0.675945,1,0.618832,0
2021-11-25,11773.7364,11970.9219,11768.6699,11946.5026,11748.7363,535567200,21011042604.0000,3,1.002655,1,1.683298,0
2021-11-26,11987.8509,12037.3001,11896.4165,11898.1925,11946.5026,571848700,22224939782.0000,3,1.070579,1,-0.404387,0
2021-11-29,12047.1374,12170.0270,11899.9521,11939.1821,11898.1925,673605000,28509417725.0000,3,1.261080,1,0.344503,0
2021-11-30,11913.7659,11968.0650,11821.8614,11960.6245,11939.1821,593510800,22819182127.0000,3,1.111132,1,0.179597,0
2021-12-01,11930.5199,11930.5199,11811.9462,11821.0819,11960.6245,508361800,19578205127.0000,3,0.951722,1,-1.166683,0
2021-12-02,11816.2999,11883.0379,11728.0595,11737.2527,11821.0819,538982300,20084254247.0000,3,1.009045,1,-0.709150,0
2021-12-03,11723.9040,11790.7180,11704.7700,11743.3558,11737.2527,410273200,16357347112.0000,3,0.768085,1,0.051998,0
2021-12-06,11740.5814,11746.6473,11599.9939,11606.4114,11743.3558,420212400,16711945993.0000,3,0.786658,1,-1.166144,0
2021-12-07,11627.9928,11699.0955,11590.3630,11631.2259,11606.4114,409944500,15660642180.0000,3,0.767411,1,0.213800,0
2021-12-08,11670.1157,11771.7841,11637.0415,11771.2751,11631.2259,391170800,15243015188.0000,3,0.732242,1,1.204079,0
2021-12-09,11782.8576,11987.2574,11776.5931,11974.9129,11771.2751,547400100,24299198978.0000,3,1.024691,1,1.729955,0
2021-12-10,11948.3287,11970.4622,11861.8444,11863.3156,11974.9129,504518600,21747758277.0000,3,0.944420,1,-0.931926,0
2021-12-13,11870.9667,11981.0388,11851.8693,11877.5837,11863.3156,447681600,21828382798.0000,3,0.930718,1,0.120271,0
2021-12-14,11866.6822,12005.3198,11864.4110,11924.5892,11877.5837,359007700,18356534544.0000,3,0.746368,1,0.395750,0
2021-12-15,11931.3712,11948.3332,11739.9458,11749.1334,11924.5892,426866700,24879979666.0000,3,0.887445,1,-1.471378,0
2021-12-16,11751.3764,11814.7685,11698.7843,11762.3630,11749.1334,439578200,25805930208.0000,3,0.913364,1,0.112601,0
2021-12-17,11776.5127,11797.6912,11638.4515,11668.0884,11762.3630,417477900,23418264169.0000,3,0.867443,1,-0.801494,0
2021-12-20,11675.3892,11833.9924,11670.6432,11730.9263,11668.0884,576646600,27780461074.0000,3,1.198167,1,0.538545,0
2021-12-21,11728.1434,11775.7004,11690.9200,11759.5842,11730.9263,394550300,18354019850.0000,3,0.819804,1,0.244294,0
2021-12-22,11768.2134,11898.4298,11761.2604,11883.3385,11759.5842,482609900,19772272907.0000,3,1.002776,1,1.052370,0
2021-12-23,11878.2871,11878.2871,11762.4256,11811.2048,11883.3385,456194500,18029131458.0000,3,0.947870,1,-0.607015,0
2021-12-24,11817.2448,12012.8784,11750.4519,11958.7158,11811.2048,778957100,24052540952.0000,3,1.618486,1,1.248907,0
2021-12-27,11960.3758,12157.9180,11949.4422,12128.5507,11958.7158,777825100,24130389907.0000,3,1.616134,1,1.420177,0
2021-12-28,12097.8834,12162.3224,11990.8569,12132.7619,12128.5507,599130000,25091954504.0000,3,1.244848,1,0.034721,0
2021-12-29,12110.3016,12279.5581,12105.6800,12109.1340,12132.7619,614651800,26901781850.0000,3,1.277099,1,-0.194745,0
2021-12-30,12164.9734,12239.4050,12052.8475,12193.5296,12109.1340,525682300,22917220129.0000,3,1.092241,1,0.696958,0
2021-12-31,12224.5593,12514.1981,12219.8381,12460.0650,12193.5296,818609600,28484115894.0000,3,1.700874,1,2.185876,0
2022-01-04,12532.8462,12620.6693,12431.9098,12442.7369,12460.0650,1077943900,38191505354.0000,3,2.239708,1,-0.139069,0
2022-01-05,12424.8558,12424.8558,12130.0452,12191.6387,12442.7369,868614600,32372896626.0000,3,1.804753,1,-2.018030,0
2022-01-06,12145.7356,12295.7279,12065.2383,12285.1205,12191.6387,785542800,29542678354.0000,3,1.632108,1,0.766770,0
2022-01-07,12258.1428,12450.1289,12238.0484,12266.0149,12285.1205,803662800,29844563330.0000,3,1.669756,1,-0.155518,0
2022-01-10,12319.9261,12536.8644,12242.5545,12487.1416,12266.0149,646240800,26663728098.0000,3,0.000000,1,1.802759,0
2022-01-11,12481.3498,12624.5133,12412.1700,12475.6684,12487.1416,732969200,27705354091.0000,3,1.522877,1,-0.091880,0
2022-01-12,12449.8394,12668.7691,12364.0600,12610.5018,12475.6684,680074600,28130708424.0000,3,1.412979,1,1.080771,0
2022-01-13,12556.6568,12616.6763,12306.1097,12307.4299,12610.5018,755452900,30481439977.0000,3,1.569591,1,-2.403329,0
2022-01-14,12281.4028,12745.4920,12251.2678,12714.8505,12307.4299,935356600,34551041464.0000,3,1.943374,1,3.310363,0
2022-01-17,12716.2754,12790.8482,12572.5765,12645.3370,12714.8505,926946400,37129609528.0000,3,1.925899,1,-0.546711,0
2022-01-18,12603.1910,12604.0678,12311.7620,12333.8548,12645.3370,879060500,32160468495.0000,3,1.826406,1,-2.463218,0
2022-01-19,12238.7880,12355.0387,12120.6778,12169.6963,12333.8548,661897000,27931825100.0000,3,1.375210,1,-1.330959,0
2022-01-20,12185.7980,12291.3098,11972.4876,11988.3243,12169.6963,606419200,24664033387.0000,3,1.259945,1,-1.490358,0
2022-01-21,11954.7785,11957.8603,11511.6894,11530.2542,11988.3243,803457500,33350611018.0000,3,1.669318,1,-3.820969,0
2022-01-24,11414.2429,11508.6034,11375.8863,11471.9092,11530.2542,596806100,23870284533.0000,3,1.239965,1,-0.506017,0
2022-01-25,11455.0262,11495.3685,11101.5674,11106.4430,11471.9092,571027800,20197446987.0000,3,1.186406,1,-3.185749,0
2022-01-26,11144.6768,11218.2093,10893.0468,10965.6801,11106.4430,484719400,18960433122.0000,3,1.007086,1,-1.267399,0
2022-01-27,10999.0654,11029.6045,10757.9217,10769.8686,10965.6801,433977200,16935602851.0000,3,0.901661,1,-1.785676,0
2022-01-28,10830.7923,10873.3667,10675.3345,10724.1797,10769.8686,397481300,15893231427.0000,3,0.825834,1,-0.424229,0
2022-02-07,10869.5047,10902.1821,10793.5812,10829.1967,10724.1797,366404300,14339720377.0000,3,0.761254,1,0.979254,0
2022-02-08,10784.6675,10809.8581,10627.3293,10799.4199,10829.1967,381235600,16859109249.0000,3,0.792068,1,-0.274968,0
2022-02-09,10790.8793,10972.9257,10688.0445,10969.7225,10799.4199,480521400,20008317137.0000,3,0.998347,1,1.576961,0
2022-02-10,10967.8505,11047.1113,10885.1590,10916.9913,10969.7225,486722000,20873091680.0000,3,1.011734,1,-0.480698,0
2022-02-11,10867.9037,10867.9037,10497.0473,10510.9687,10916.9913,536085200,21745450112.0000,3,1.114343,1,-3.719180,0
2022-02-14,10484.0269,10655.9266,10466.9997,10517.9458,10510.9687,416056600,17003429929.0000,3,0.864844,1,0.066379,0
2022-02-15,10521.2594,10800.0099,10472.0712,10797.1528,10517.9458,443047100,20996954752.0000,3,0.920948,1,2.654577,0
2022-02-16,10824.3021,10902.0521,10766.5754,10844.7878,10797.1528,373387400,19093354592.0000,3,0.776149,1,0.441181,0
2022-02-17,10864.6084,10864.6084,10748.5266,10768.1373,10844.7878,334093700,14673195713.0000,3,0.694470,1,-0.706796,0
2022-02-18,10728.5179,10896.2351,10708.6507,10892.7142,10768.1373,352096200,15309019901.0000,3,0.731891,1,1.156903,0
2022-02-21,10943.9435,11011.9068,10850.5858,10979.2886,10892.7142,462956600,17449634720.0000,3,0.962333,1,0.794792,0
2022-02-22,10900.0249,10900.0249,10679.6007,10731.5819,10979.2886,410713900,15037298449.0000,3,0.853738,1,-2.256127,0
2022-02-23,10740.7133,10909.7090,10740.7133,10906.2801,10731.5819,371264500,15257230164.0000,3,0.771736,1,1.627889,0
2022-02-24,10863.6471,11057.7460,10618.3391,10744.3480,10906.2801,616540700,23015784364.0000,3,1.281584,1,-1.484760,0
2022-02-25,10799.9599,11103.7693,10799.9599,11038.3130,10744.3480,509768200,24277430354.0000,3,1.059639,1,2.735997,0
2022-02-28,11048.8462,11125.1511,10910.6822,11111.4477,11038.3130,452420900,20099446230.0000,3,0.940526,1,0.662553,0
2022-03-01,11113.9050,11166.9182,11026.9695,11086.3819,11111.4477,399913400,17093307448.0000,3,0.831369,1,-0.225585,0
2022-03-02,11043.9539,11163.5759,10911.5032,11154.4743,11086.3819,484938800,16931948604.0000,3,1.008121,1,0.614199,0
2022-03-03,11185.9617,11241.4174,11093.6897,11168.2391,11154.4743,570244100,20288919960.0000,3,1.185459,1,0.123402,0
2022-03-04,11142.6933,11454.3998,11132.8333,11267.9336,11168.2391,657782000,24645341713.0000,3,1.367326,1,0.892661,0
2022-03-07,11268.6681,11278.7565,10974.7665,11010.5327,11267.9336,593754800,22099393357.0000,3,1.234233,1,-2.284366,0
2022-03-08,11008.5313,11031.2711,10514.6703,10520.9222,11010.5327,858248200,26732470291.0000,3,1.784033,1,-4.446747,0
2022-03-09,10501.8789,10553.8972,9895.0467,10269.3747,10520.9222,839091900,26513454439.0000,3,1.744213,1,-2.390926,0
2022-03-10,10530.5632,10754.8090,10522.0673,10745.7094,10269.3747,634946100,23974669937.0000,3,1.319857,1,4.638400,0
2022-03-11,10705.1304,11277.8788,10659.9707,11267.6603,10745.7094,796360000,31491908154.0000,3,1.655387,1,4.857296,0
2022-03-14,11479.8195,11577.3275,11182.1769,11183.5748,11267.6603,950682900,37409778919.0000,3,1.976176,1,-0.746255,0
2022-03-15,10996.9174,11066.0830,10592.4944,10599.2675,11183.5748,1040905900,35589204871.0000,3,2.163722,1,-5.224692,0
2022-03-16,10806.8959,10841.7529,10213.2105,10740.7463,10599.2675,979586300,36488260652.0000,3,2.036258,1,1.334798,0
2022-03-17,10860.1666,11408.8165,10839.0528,11130.3497,10740.7463,1162614700,44122759872.0000,3,2.416717,1,3.627340,0
2022-03-18,11137.7980,11382.0360,11110.5360,11373.6683,11130.3497,1035001400,39398187425.0000,3,2.145055,1,2.186082,0
2022-03-21,11469.8489,11720.8093,11461.0985,11719.9029,11373.6683,1114700000,40674199608.0000,3,2.310513,1,3.044177,0
2022-03-22,11668.8488,11668.8488,11365.3147,11398.2741,11719.9029,1135741800,40560561658.0000,3,2.354128,1,-2.744296,0
2022-03-23,11374.3603,11644.1377,11275.0712,11501.2905,11398.2741,1092667000,39640259730.0000,3,2.264835,1,0.903789,0
2022-03-24,11413.6950,11885.1683,11374.2993,11827.7354,11501.2905,1201788900,44560407312.0000,3,2.491019,1,2.838333,0
2022-03-25,11787.4588,11808.0809,11462.5845,11462.5845,11827.7354,1254831800,41048714467.0000,3,2.600964,1,-3.087243,0
2022-03-28,11415.5298,11512.4129,11319.1287,11402.2021,11462.5845,890851500,29482216953.0000,3,1.846520,1,-0.526778,0
2022-03-29,11399.2762,11663.5024,11287.1453,11550.8007,11402.2021,978382100,34200477123.0000,3,2.027905,1,1.303245,0
2022-03-30,11556.5366,11790.0901,11367.5067,11751.3669,11550.8007,930384400,34511975643.0000,3,1.928419,1,1.736384,0
2022-03-31,11750.9914,12075.9086,11661.3961,11680.9099,11751.3669,1222312900,44243375857.0000,3,2.533453,1,-0.599564,0
2022-04-01,11512.9810,11514.3795,11389.4633,11460.1101,11680.9099,976420900,34028712061.0000,3,2.023756,1,-1.890262,0
2022-04-06,11581.6357,11683.9948,11397.6210,11445.1889,11460.1101,874926600,31304055852.0000,3,1.813240,1,-0.130201,0
2022-04-07,11363.2316,11450.2626,11134.9169,11139.1907,11445.1889,876686700,26756464006.0000,3,1.816872,1,-2.673597,0
2022-04-08,11140.6436,11154.1032,10813.5383,10842.5271,11139.1907,776203100,24633367316.0000,3,1.608626,1,-2.663242,0
2022-04-11,10790.6543,10867.5582,10574.9760,10616.9977,10842.5271,797972500,25703836918.0000,3,1.653742,1,-2.080045,0
2022-04-12,10616.2591,10808.6374,10463.2131,10793.6480,10616.9977,739193700,24302176121.0000,3,1.531927,1,1.663844,0
2022-04-13,10726.6957,10726.6957,10453.1762,10453.1762,10793.6480,657600100,22251838583.0000,3,1.362830,1,-3.154372,0
2022-04-14,10486.7849,10689.1555,10484.7507,10620.1631,10453.1762,573925700,22578167558.0000,3,1.189421,1,1.597475,0
2022-04-15,10541.0826,10723.7599,10463.9447,10615.9356,10620.1631,610780300,22122951014.0000,3,1.265799,1,-0.039806,0
2022-04-18,10568.5758,10619.0541,10446.2116,10580.0657,10615.9356,530088300,17366705718.0000,3,1.098571,1,-0.337887,0
2022-04-19,10551.4775,10631.1321,10381.8624,10435.2802,10580.0657,505985900,17480014319.0000,3,1.048620,1,-1.368474,0
2022-04-20,10428.6009,10471.8801,10199.3311,10231.5119,10435.2802,624495800,19122768888.0000,3,1.294224,1,-1.952686,0
2022-04-21,10216.9809,10297.7745,9932.5593,9962.8103,10231.5119,648589400,20349389927.0000,3,1.342268,1,-2.626216,0
2022-04-22,9907.4178,9945.8866,9732.6030,9828.9153,9962.8103,593383300,17467543386.0000,3,1.228018,1,-1.343948,0
2022-04-25,9738.3960,9810.0929,9308.5635,9308.5635,9828.9153,816893700,22470527819.0000,3,1.690577,1,-5.294092,0
2022-04-26,9285.1229,9482.1359,9185.7780,9298.8952,9308.5635,835303700,24648997437.0000,3,1.728677,1,-0.103865,0
2022-04-27,9227.7337,9534.6995,9096.1518,9534.6995,9298.8952,872787300,25479426518.0000,3,1.806250,1,2.535831,0
2022-04-28,9453.9134,9558.1029,9326.8338,9494.8910,9534.6995,850698400,24243660541.0000,3,1.760537,1,-0.417512,0
2022-04-29,9501.2978,9856.6292,9474.4248,9825.1058,9494.8910,922807000,26048976755.0000,3,1.909766,1,3.477816,0
2022-05-05,9815.1557,10211.1262,9798.7449,10163.6610,9825.1058,879452600,27450089171.0000,3,1.820043,1,3.445817,0
2022-05-06,9968.4118,10261.3306,9946.0738,10098.5662,10163.6610,717400700,21946962870.0000,3,1.484671,1,-0.640466,0
2022-05-09,10140.9235,10294.6400,10121.2039,10241.3106,10098.5662,799334200,22940894281.0000,3,1.654228,1,1.413512,0
2022-05-10,10112.6944,10415.2551,10098.6167,10379.2376,10241.3106,943211900,26015215293.0000,3,1.951984,1,1.346771,0
2022-05-11,10373.9158,10742.2903,10373.9158,10501.2113,10379.2376,1127664900,34639068665.0000,3,2.333711,1,1.175170,0
2022-05-12,10424.6478,10716.5372,10417.2981,10633.0189,10501.2113,880069500,27077998917.0000,3,1.821168,1,1.255166,0
2022-05-13,10699.4170,10797.2077,10535.5203,10681.0835,10633.0189,755820600,22112947408.0000,3,1.564054,1,0.452032,0
2022-05-16,10730.0223,10752.5058,10479.0783,10504.3174,10681.0835,713535000,21521164541.0000,3,1.476550,1,-1.654945,0
2022-05-17,10523.2215,10526.8224,10288.1112,10376.0684,10504.3174,800820000,22071404051.0000,3,1.657227,1,-1.220917,0
2022-05-18,10336.2992,10372.2333,10203.9536,10214.7941,10376.0684,611444900,18465866102.0000,3,1.265332,1,-1.554291,0
2022-05-19,10080.3192,10241.4453,10057.6647,10241.4453,10214.7941,571603400,16332913967.0000,3,1.182883,1,0.260908,0
2022-05-20,10382.1634,10536.7131,10319.2126,10469.7440,10241.4453,799884400,26298539496.0000,3,1.655290,1,2.229165,0
2022-05-23,10556.5079,10602.3161,10452.3867,10558.7786,10469.7440,861583200,23950720245.0000,3,1.782971,1,0.850399,0
2022-05-24,10568.3849,10568.3849,9990.4630,9993.3685,10558.7786,936042600,27860061433.0000,3,1.937058,1,-5.354882,0
2022-05-25,9950.9139,10164.8640,9950.7613,10151.9930,9993.3685,551034400,17242918233.0000,3,1.140317,1,1.587298,0
2022-05-26,10155.1132,10190.8647,9950.0315,10129.7805,10151.9930,551853800,18785963174.0000,3,1.142013,1,-0.218799,0
2022-05-27,10153.7084,10212.7354,10025.9080,10120.1366,10129.7805,598490900,22483412959.0000,3,1.238524,1,-0.095203,0
2022-05-30,10094.5918,10114.2784,9920.8470,10085.8733,10120.1366,562301100,19264978778.0000,3,1.163831,1,-0.338566,0
2022-05-31,10063.9265,10219.4091,9978.8907,10218.4127,10085.8733,621507100,23181375138.0000,3,1.286373,1,1.314109,0
2022-06-01,10184.9227,10256.2062,10037.2733,10110.6303,10218.4127,563838200,19829406039.0000,3,1.167012,1,-1.054786,0
2022-06-02,10079.1828,10079.1828,9938.0523,10051.5840,10110.6303,494784100,17802227733.0000,3,1.024084,1,-0.584002,0
2022-06-06,10021.0933,10245.8907,10012.7335,10237.6155,10051.5840,575893900,22656938453.0000,3,1.191962,1,1.850768,0
2022-06-07,10243.7594,10479.7740,10207.6972,10478.2834,10237.6155,805798500,27996916935.0000,3,1.667808,1,2.350820,0
2022-06-08,10438.5027,10587.2315,10381.7059,10489.3456,10478.2834,795030900,28987955185.0000,3,1.640208,1,0.105573,0
2022-06-09,10452.3771,10524.9505,10227.1853,10262.7377,10489.3456,607990300,19851804635.0000,3,1.254329,1,-2.160363,0
2022-06-10,10200.9453,10397.2453,10194.2713,10397.2453,10262.7377,592276500,20441051598.0000,3,1.221463,1,1.310641,0
2022-06-13,10281.6329,10376.7663,10236.3853,10373.2914,10397.2453,606766100,23294326166.0000,3,1.248416,1,-0.230387,0
2022-06-14,10288.1706,10365.0434,10103.6861,10359.9162,10373.2914,603811000,19506365291.0000,3,1.242336,1,-0.128939,0
2022-06-15,10352.9189,10568.5087,10352.9189,10427.9124,10359.9162,674679000,22429020176.0000,3,1.388146,1,0.656339,0
2022-06-16,10436.1398,10671.0697,10433.3306,10569.8661,10427.9124,624814500,20789114743.0000,3,1.284902,1,1.361286,0
2022-06-17,10497.1706,10772.8879,10395.7634,10745.9153,10569.8661,701045300,26018338007.0000,3,1.438774,1,1.665576,0
2022-06-20,10742.0812,10881.1411,10703.5954,10865.5573,10745.9153,736103700,26493983080.0000,3,1.510726,1,1.113372,0
2022-06-21,10873.9804,10965.5993,10686.3369,10778.1424,10865.5573,660740100,22438662390.0000,3,1.356055,1,-0.804514,0
2022-06-22,10777.0961,10852.6314,10668.0813,10687.2240,10778.1424,707302200,24077146312.0000,3,1.451616,1,-0.843544,0
2022-06-23,10670.4445,10692.3651,10480.2159,10692.3651,10687.2240,586732600,19973458011.0000,3,1.204167,1,0.048105,0
2022-06-24,10699.7038,10909.2222,10699.7038,10852.5983,10692.3651,609183500,24650031570.0000,3,1.239356,1,1.498576,0
2022-06-27,10903.8739,11061.9511,10869.7389,10917.8370,10852.5983,745057600,26600034598.0000,3,1.515786,1,0.601134,0
2022-06-28,10908.3260,10908.3260,10720.5483,10887.7355,10917.8370,613416400,21036772550.0000,3,1.247949,1,-0.275709,0
2022-06-29,10837.7220,11035.8999,10805.8469,10847.3815,10887.7355,712614100,24263512381.0000,3,1.449759,1,-0.370637,0
2022-06-30,10857.6196,11124.4588,10857.6196,11009.9866,10847.3815,756633000,26330533897.0000,3,1.535487,1,1.499026,0
2022-07-01,11018.2160,11032.3377,10876.9984,10915.9157,11009.9866,666398900,23663926104.0000,3,1.352207,1,-0.854414,0
2022-07-04,10934.4506,11370.5941,10897.0575,11370.5941,10915.9157,959489900,34472269397.0000,3,1.946879,1,4.165280,0
2022-07-05,11395.8083,11397.7522,11125.1123,11291.1857,11370.5941,789886100,32134363074.0000,3,1.602740,1,-0.698366,0
2022-07-06,11277.0158,11369.6525,11086.3323,11182.3925,11291.1857,723160800,28889261115.0000,3,1.467349,1,-0.963523,0
2022-07-07,11186.9708,11190.3642,10878.1071,11012.2490,11182.3925,589416500,22572301085.0000,3,1.195971,1,-1.521530,0
2022-07-08,11013.5182,11116.5638,10964.4899,11058.2156,11012.2490,567954800,21269092383.0000,3,1.152448,1,0.417413,0
2022-07-11,11055.6975,11115.6932,10971.8059,11044.2730,11058.2156,770372700,23610197201.0000,3,1.553041,1,-0.126084,0
2022-07-12,11058.5535,11060.2752,10693.3470,10693.3470,11044.2730,861603600,25952179356.0000,3,1.736959,1,-3.177448,0
2022-07-13,10681.5495,10725.2821,10579.2968,10632.0871,10693.3470,580375200,18102883023.0000,3,1.170013,1,-0.572879,0
2022-07-14,10648.4723,10855.6000,10638.4948,10784.1703,10632.0871,625985800,22329189036.0000,3,1.261947,1,1.430417,0
2022-07-15,10742.8884,10823.2457,10555.7498,10555.7498,10784.1703,752884000,23503621781.0000,3,1.517765,1,-2.118109,0
2022-07-18,10555.0938,10585.0772,10371.5434,10549.4638,10555.7498,680607100,22625866010.0000,3,1.364456,1,-0.059550,0
2022-07-19,10528.0252,10601.9774,10420.8792,10500.6068,10549.4638,594393900,19541386319.0000,3,1.191619,1,-0.463123,0
2022-07-20,10519.5829,10743.0965,10519.5829,10691.1296,10500.6068,564315300,17893006571.0000,3,1.131289,1,1.814398,0
2022-07-21,10676.2431,10782.5555,10630.5810,10688.9847,10691.1296,552647700,17480082245.0000,3,1.107899,1,-0.020062,0
2022-07-22,10690.4018,10742.6943,10438.2614,10496.5192,10688.9847,494982800,16359039484.0000,3,0.989783,1,-1.800597,0
2022-07-25,10509.9042,10582.8721,10466.4279,10494.9131,10496.5192,436931700,13682693178.0000,3,0.000000,1,-0.015301,0
2022-07-26,10514.9305,10525.1578,10349.2768,10446.5528,10494.9131,578441100,20179441892.0000,3,1.156650,1,-0.460798,0
2022-07-27,10420.0974,10456.4850,10360.4964,10410.2191,10446.5528,498194700,19261564718.0000,3,0.996189,1,-0.347806,0
2022-07-28,10421.9051,10484.9299,10374.9991,10406.5467,10410.2191,422653900,15147634909.0000,3,0.845138,1,-0.035277,0
2022-07-29,10406.0577,10406.0577,10125.4276,10141.9888,10406.5467,506837000,18466557570.0000,3,1.013446,1,-2.542226,0
2022-08-01,10111.9174,10214.3316,9987.7758,10203.9548,10141.9888,402962300,13570885682.0000,3,0.000000,1,0.610985,0
2022-08-02,10143.9389,10143.9389,9797.7136,9888.7712,10203.9548,621805300,18669620849.0000,3,1.243331,1,-3.088838,0
2022-08-03,9877.3336,10072.6105,9877.3336,9896.3712,9888.7712,486514100,15682797463.0000,3,0.972807,1,0.076855,0
2022-08-04,9958.4054,10092.7758,9950.0679,10063.2863,9896.3712,445116100,15875720363.0000,3,0.890030,1,1.686629,0
2022-08-05,10096.0905,10318.7355,10096.0905,10317.8274,10063.2863,466050400,16918503923.0000,3,0.931889,1,2.529403,0
2022-08-08,10347.8120,10433.0683,10285.5330,10325.2260,10317.8274,519543000,16813392683.0000,3,1.036195,1,0.071707,0
2022-08-09,10306.2477,10306.2477,10162.7208,10228.8860,10325.2260,375855700,12323533027.0000,3,0.749620,1,-0.933055,0
2022-08-10,10199.5100,10222.8108,10066.6265,10108.7628,10228.8860,368716200,13379425270.0000,3,0.735374,1,-1.174353,0
2022-08-11,10151.6808,10371.1468,10121.8290,10371.1468,10108.7628,479878100,16443534607.0000,3,0.956087,1,2.595609,0
2022-08-12,10356.2817,10392.6484,10294.5529,10341.0989,10371.1468,391566100,12422033009.0000,3,0.780138,1,-0.289726,0
2022-08-15,10323.4050,10325.0403,10198.9529,10235.0365,10341.0989,356188200,12689964350.0000,3,0.709599,1,-1.025640,0
2022-08-16,10232.3291,10293.3080,10183.6789,10219.2969,10235.0365,388977700,14931341206.0000,3,0.774918,1,-0.153782,0
2022-08-17,10223.3047,10282.8568,10161.5817,10250.9044,10219.2969,334580200,11473774635.0000,3,0.666548,1,0.309292,0
2022-08-18,10227.7612,10227.7612,10089.6313,10127.8382,10250.9044,338523000,12256864057.0000,3,0.674403,1,-1.200540,0
2022-08-19,10113.7652,10203.0987,10024.5179,10024.5179,10127.8382,389913200,13568862768.0000,3,0.776782,1,-1.020161,0
2022-08-22,9990.7107,10071.2129,9881.3526,10058.7355,10024.5179,470459900,14676921761.0000,3,0.937246,1,0.341339,0
2022-08-23,10040.1541,10055.4729,9929.4928,9961.8673,10058.7355,509915000,15528061719.0000,3,1.015848,1,-0.963026,0
2022-08-24,9965.8141,10007.2289,9771.6383,9771.6383,9961.8673,456328400,13280850366.0000,3,0.909093,1,-1.909572,0
2022-08-25,9778.5663,9828.5764,9677.3249,9821.9241,9771.6383,364292700,11196623818.0000,3,0.725741,1,0.514610,0
2022-08-26,9833.6107,10024.8428,9822.9148,9856.2118,9821.9241,384461900,12502835972.0000,3,0.765922,1,0.349094,0
2022-08-29,9736.2613,9835.1291,9713.1844,9815.6883,9856.2118,357080000,11500855580.0000,3,0.711370,1,-0.411147,0
2022-08-30,9801.7034,9884.5614,9737.6081,9796.9024,9815.6883,367017500,11921593297.0000,3,0.731168,1,-0.191386,0
2022-08-31,9780.7283,9894.9733,9713.1779,9797.2706,9796.9024,468477600,16638324541.0000,3,0.933954,1,0.003758,0
2022-09-01,9793.2823,9903.2811,9752.2206,9790.0675,9797.2706,439923500,13681855928.0000,3,0.876876,1,-0.073521,0
2022-09-02,9809.5541,9902.9457,9705.4525,9745.8732,9790.0675,383367200,12612160537.0000,3,0.764144,1,-0.451420,0
2022-09-05,9777.4004,9822.2696,9609.9953,9663.3330,9745.8732,424673900,15070431714.0000,3,0.846479,1,-0.846925,0
2022-09-06,9679.8021,9715.8507,9619.3334,9705.2252,9663.3330,393644400,12201242487.0000,3,0.784629,1,0.433517,0
2022-09-07,9686.9847,9717.9878,9607.8214,9659.4144,9705.2252,378358200,12419150351.0000,3,0.754160,1,-0.472022,0
2022-09-08,9661.6430,9683.2156,9580.4530,9595.3836,9659.4144,361987600,11456931219.0000,3,0.721530,1,-0.662885,0
2022-09-09,9635.3770,9747.0105,9635.2959,9737.9353,9595.3836,388809500,13355225244.0000,3,0.774992,1,1.485628,0
2022-09-13,9737.2259,9764.0080,9652.6500,9661.1201,9737.9353,490367800,20385062232.0000,3,0.977423,1,-0.788824,0
2022-09-14,9524.7179,9652.7543,9471.9140,9646.0196,9661.1201,399637600,14143024504.0000,3,0.796574,1,-0.156302,0
2022-09-15,9679.4725,9763.8791,9464.1583,9522.9953,9646.0196,446758800,15105888266.0000,3,0.890498,1,-1.275389,0
2022-09-16,9500.8676,9532.9727,9253.6922,9253.6922,9522.9953,411837700,13342829981.0000,3,0.820892,1,-2.827924,0
2022-09-19,9238.4707,9264.1370,9076.9645,9140.9191,9253.6922,325697400,10303088940.0000,3,0.649190,1,-1.218682,0
2022-09-20,9159.2526,9209.0413,9105.4461,9159.0995,9140.9191,273726000,8691208599.0000,3,0.545612,1,0.198890,0
2022-09-21,9136.0270,9136.0270,8994.2547,9031.9125,9159.0995,304616200,10006330977.0000,3,0.607164,1,-1.388641,0
2022-09-22,8973.9638,9024.9222,8889.7444,8891.6996,9031.9125,322451000,11486464470.0000,3,0.642713,1,-1.552417,0
2022-09-23,8883.8058,8924.2770,8719.4990,8804.6644,8891.6996,339777300,10977982552.0000,3,0.676368,1,-0.978836,0
2022-09-26,8753.1794,8862.1976,8705.7932,8712.3765,8804.6644,339697800,10765142816.0000,3,0.676209,1,-1.048171,0
2022-09-27,8722.0422,9114.2874,8722.0422,9114.1022,8712.3765,464267200,15873690541.0000,3,0.924469,1,4.610977,0
2022-09-28,9092.9424,9258.4381,9049.9870,9049.9870,9114.1022,422844100,13719004631.0000,3,0.841985,1,-0.703472,0
2022-09-29,9119.2695,9380.8284,9114.5344,9192.0827,9049.9870,495414800,16653614044.0000,3,0.986487,1,1.570120,0
2022-09-30,9177.3156,9336.4056,9161.5380,9202.9594,9192.0827,430186800,12808191621.0000,3,0.856603,1,0.118327,0
2022-10-10,9227.6785,9300.7521,8989.1042,9012.2875,9202.9594,436362600,13905571190.0000,3,0.868882,1,-2.071854,0
2022-10-11,9012.8782,9016.5804,8809.8582,8920.9422,9012.2875,344874800,10193375828.0000,3,0.686706,1,-1.013564,0
2022-10-12,8912.1878,9016.5176,8683.5995,9016.5176,8920.9422,380324300,11891659575.0000,3,0.757292,1,1.071360,0
2022-10-13,8981.8044,9331.8716,8963.0377,9256.6633,9016.5176,453321800,15381847482.0000,3,0.902643,1,2.663397,0
2022-10-14,9330.5760,9874.8242,9330.5760,9816.8816,9256.6633,831318900,28039269328.0000,3,1.655301,1,6.052054,0
2022-10-17,9932.4516,10113.6128,9912.3656,9987.8135,9816.8816,760286300,29410018405.0000,3,1.513863,1,1.741204,0
2022-10-18,10028.8418,10275.0096,9859.3571,10238.8822,9987.8135,812468200,28145053631.0000,3,1.617766,1,2.513750,0
2022-10-19,10194.9071,10208.9686,9957.8667,10017.0509,10238.8822,575576900,20583045312.0000,3,1.146074,1,-2.166558,0
2022-10-20,9960.8227,10290.0195,9941.6302,10072.0029,10017.0509,627830400,23044512834.0000,3,1.250120,1,0.548585,0
2022-10-21,10033.3257,10199.6787,9972.7446,10160.1089,10072.0029,520700200,19598669702.0000,3,0.000000,1,0.874761,0
2022-10-24,10165.7409,10272.9366,9904.8627,9960.2381,10160.1089,600186000,23143629564.0000,3,1.195075,1,-1.967211,0
2022-10-25,9889.8386,9981.8980,9649.1493,9759.3614,9960.2381,527292700,19377461141.0000,3,1.047165,1,-2.016786,0
2022-10-26,9767.9113,10297.5256,9767.9113,10183.6557,9759.3614,746039000,28278166199.0000,3,1.481579,1,4.347562,0
2022-10-27,10196.0217,10397.4081,10036.0746,10312.5697,10183.6557,753559000,27583848862.0000,3,1.496513,1,1.265891,0
2022-10-28,10209.4829,10366.7464,10023.9172,10060.2050,10312.5697,659165400,22865240938.0000,3,1.308835,1,-2.447156,0
2022-10-31,9976.6534,10198.2752,9878.1936,10100.7923,10060.2050,722594700,25088617855.0000,3,1.434742,1,0.403444,0
2022-11-01,10124.7478,10327.5871,9923.2402,10323.0545,10100.7923,899637800,30907245617.0000,3,1.786268,1,2.200443,0
2022-11-02,10277.8022,10760.4397,10227.1213,10518.2924,10323.0545,1437347800,44828575761.0000,3,2.853898,1,1.891280,0
2022-11-03,10379.2710,10590.9062,10301.6695,10470.7595,10518.2924,847299700,28015420287.0000,3,1.682339,1,-0.451907,0
2022-11-04,10479.3328,10785.9968,10456.7206,10662.9165,10470.7595,833078300,29929591040.0000,3,1.654102,1,1.835177,0
2022-11-07,10639.9088,10712.9797,10493.5895,10575.6275,10662.9165,727677400,26242614660.0000,3,1.442390,1,-0.818622,0
2022-11-08,10562.0644,10562.0644,10361.4113,10479.4553,10575.6275,616051200,21273480653.0000,3,1.221126,1,-0.909376,0
2022-11-09,10445.0496,10624.0553,10416.9271,10546.2328,10479.4553,717873100,21182879591.0000,3,1.422931,1,0.637223,0
2022-11-10,10510.5005,10648.9381,10503.6339,10526.0697,10546.2328,773610200,22811608418.0000,3,1.532946,1,-0.191188,0
2022-11-11,10755.9609,10891.4283,10414.2469,10421.8217,10526.0697,1243822200,42310280393.0000,3,2.464693,1,-0.990379,0
2022-11-14,10391.8202,10900.7263,10338.6895,10861.5344,10421.8217,1152095500,35767754953.0000,3,2.282932,1,4.219154,0
2022-11-15,10884.4412,10911.3549,10633.7509,10904.2681,10861.5344,932724300,30360761880.0000,3,1.848101,1,0.393441,0
2022-11-16,10885.0997,10987.0497,10746.9559,10780.9607,10904.2681,791340800,25977234309.0000,3,1.567963,1,-1.130818,0
2022-11-17,10730.7497,10947.2333,10706.6250,10917.5338,10780.9607,771901200,23923898542.0000,3,1.529441,1,1.266799,0
2022-11-18,10933.8255,11144.3817,10910.6611,11064.3511,10917.5338,1252463000,35698443551.0000,3,2.481600,1,1.344784,0
2022-11-21,10928.5463,11115.8575,10811.1705,11092.8416,11064.3511,1214534300,33980001441.0000,3,2.406449,1,0.257498,0
2022-11-22,11041.1263,11204.3094,10664.3305,10734.6422,11092.8416,1119652300,30253665619.0000,3,2.218452,1,-3.229104,0
2022-11-23,10700.2318,10774.5106,10342.0538,10470.1479,10734.6422,855338900,24355547480.0000,3,1.694748,1,-2.463932,0
2022-11-24,10482.5529,10594.6438,10450.7988,10576.9094,10470.1479,660510000,17785244168.0000,3,1.308718,1,1.019675,0
2022-11-25,10535.1518,10535.7509,10275.6908,10441.6827,10576.9094,572942500,16316437759.0000,3,1.135202,1,-1.278509,0
2022-11-28,10284.4359,10494.1081,10271.2210,10357.5490,10441.6827,613018400,19378963357.0000,3,1.214606,1,-0.805748,0
2022-11-29,10342.5700,10650.9430,10331.1634,10644.2805,10357.5490,761830400,25010777068.0000,3,1.509455,1,2.768334,0
2022-11-30,10627.0047,10699.6743,10513.5000,10562.1125,10644.2805,660094200,21435682582.0000,3,1.307910,1,-0.771945,0
2022-12-01,10728.7240,10789.9571,10478.5692,10617.2656,10562.1125,913541400,29012567294.0000,3,1.810090,1,0.522179,0
2022-12-02,10566.7028,10673.9929,10561.9257,10606.3875,10617.2656,575783800,18390530683.0000,3,1.140853,1,-0.102457,0
2022-12-05,10725.1913,10820.3214,10583.1465,10696.3339,10606.3875,827080100,26220263532.0000,3,1.638769,1,0.848040,0
2022-12-06,10674.8522,10734.4026,10441.4768,10480.5987,10696.3339,779737900,25585349253.0000,3,1.544966,1,-2.016908,0
2022-12-07,10469.3662,10679.7635,10343.8065,10655.5448,10480.5987,906176000,23869295427.0000,3,1.795474,1,1.669238,0
2022-12-08,10651.8715,10758.0338,10554.2795,10678.9695,10655.5448,1035132000,28861621678.0000,3,2.050984,1,0.219836,0
2022-12-09,10662.6517,10802.1892,10594.5437,10734.8594,10678.9695,928218200,29098736825.0000,3,1.839147,1,0.523364,0
2022-12-12,10790.0778,10999.6375,10769.7474,10933.1207,10734.8594,1113922200,31236026331.0000,3,2.246077,1,1.846892,0
2022-12-13,10957.3660,10958.2270,10662.9154,10817.8092,10933.1207,910174200,25394651350.0000,3,1.835246,1,-1.054699,0
2022-12-14,10824.9988,10825.7570,10635.2972,10659.7967,10817.8092,942986900,29131483350.0000,3,1.901409,1,-1.460670,0
2022-12-15,10655.1124,10777.3220,10603.3749,10661.5552,10659.7967,659145500,21279099724.0000,3,1.329080,1,0.016497,0
2022-12-16,10651.3597,10836.4372,10644.6739,10789.1845,10661.5552,728152200,23307175471.0000,3,1.468223,1,1.197098,0
2022-12-19,10833.8158,10833.8158,10302.9293,10328.2139,10789.1845,1074638300,30291159798.0000,3,2.166866,1,-4.272525,0
2022-12-20,10261.7758,10342.1738,10082.8959,10107.0412,10328.2139,695055700,19563974608.0000,3,1.401488,1,-2.141442,0
2022-12-21,10093.1532,10204.4637,10045.3466,10122.7232,10107.0412,662490500,17097540719.0000,3,1.335825,1,0.155159,0
2022-12-22,10147.7787,10232.6229,9993.1034,10018.0065,10122.7232,593789000,17574809783.0000,3,1.197296,1,-1.034472,0
2022-12-23,9964.9984,10120.4651,9964.9984,10065.4682,10018.0065,483291000,14803203063.0000,3,0.974492,1,0.473764,0
2022-12-26,10099.0052,10168.6000,10037.8842,10089.3354,10065.4682,600457100,16029822504.0000,3,1.210742,1,0.237120,0
2022-12-27,10095.2597,10102.2911,9863.8747,10066.1705,10089.3354,659194600,19319493841.0000,3,1.328183,1,-0.229598,0
2022-12-28,10038.5578,10155.6843,10029.8658,10101.9989,10066.1705,576557100,16860544322.0000,3,1.161680,1,0.355929,0
2022-12-29,10087.2084,10385.2936,10074.8040,10338.1755,10101.9989,766334000,21399447706.0000,3,1.544053,1,2.337919,0
2022-12-30,10351.7565,10354.1676,10247.8021,10266.6538,10338.1755,593323600,16545258436.0000,3,1.195426,1,-0.691821,0
2023-01-03,10329.1320,10450.2810,10308.5799,10412.4044,10266.6538,747741700,19769167913.0000,3,1.506530,1,1.419650,0
2023-01-04,10418.9286,10500.4629,10351.7306,10443.7828,10412.4044,617696700,17083768619.0000,3,1.244875,1,0.301356,0
2023-01-05,10467.9810,10612.1964,10379.1882,10586.9932,10443.7828,654146700,22404415051.0000,3,1.318334,1,1.371250,0
2023-01-06,10567.4494,10567.4494,10470.6240,10497.0650,10586.9932,517957700,16911908811.0000,3,1.043865,1,-0.849422,0
2023-01-09,10496.9426,10598.4441,10468.8063,10562.4445,10497.0650,522263700,17186718570.0000,3,1.052543,1,0.622836,0
2023-01-10,10558.0073,10684.4543,10480.3435,10641.7453,10562.4445,542577300,17757573595.0000,3,1.093482,1,0.750781,0
2023-01-11,10629.5090,10689.9722,10570.8088,10580.6093,10641.7453,582419400,18949686983.0000,3,1.173778,1,-0.574492,0
2023-01-12,10564.6481,10630.9610,10510.1158,10555.8264,10580.6093,486770100,17392252347.0000,3,0.980952,1,-0.234229,0
2023-01-13,10571.1505,10759.3398,10517.4726,10759.3398,10555.8264,488118000,18432196865.0000,3,0.983205,1,1.927972,0
2023-01-16,10778.9092,11123.6178,10777.9619,10992.2610,10759.3398,956540600,33083416638.0000,3,1.926739,1,2.164828,0
2023-01-17,10998.1923,11000.4703,10850.1029,10876.3246,10992.2610,625030300,20692494365.0000,3,1.258985,1,-1.054709,0
2023-01-18,10894.4443,10926.2227,10838.0577,10844.3209,10876.3246,413328700,14299172157.0000,3,0.832559,1,-0.294251,0
2023-01-19,10836.4920,11072.2227,10768.6266,11008.0357,10844.3209,560520800,20795512296.0000,3,1.129045,1,1.509682,0
2023-01-20,11013.6293,11160.2936,10990.2678,11013.4641,11008.0357,471086700,16966299617.0000,3,0.948899,1,0.049313,0
2023-01-30,11078.5571,11086.2771,10900.2590,10923.0944,11013.4641,666905100,23141615308.0000,3,1.340448,1,-0.820538,0
2023-01-31,10883.5902,10905.6836,10726.0672,10726.0672,10923.0944,534510300,19135668600.0000,3,1.074318,1,-1.803767,0
2023-02-01,10726.9232,10847.6504,10689.7561,10838.7317,10726.0672,521295300,17434626553.0000,3,1.047757,1,1.050380,0
2023-02-02,10849.7046,11039.1652,10801.5829,10926.3010,10838.7317,583807200,18695294399.0000,3,1.173400,1,0.807929,0
2023-02-03,10906.1165,10938.0319,10730.2609,10819.8401,10926.3010,452660900,14855721312.0000,3,0.909807,1,-0.974354,0
2023-02-06,10791.5481,10815.9762,10670.7423,10718.0953,10819.8401,404691200,14607545458.0000,3,0.812015,1,-0.940354,0
2023-02-07,10737.0615,10794.9383,10595.8024,10642.5645,10718.0953,398413500,12931050995.0000,3,0.799418,1,-0.704704,0
2023-02-08,10653.1268,10735.8060,10622.1297,10625.2883,10642.5645,356553900,11525100380.0000,3,0.715427,1,-0.162331,0
2023-02-09,10628.1982,10753.6385,10610.5962,10753.4192,10625.2883,516081100,13844946724.0000,3,1.035519,1,1.205905,0
2023-02-10,10751.0747,10792.2502,10655.2034,10744.6228,10753.4192,462034100,14190025617.0000,3,0.926453,1,-0.081801,0
2023-02-13,10747.7636,10911.4188,10740.1553,10812.2820,10744.6228,512803100,17375798713.0000,3,1.028253,1,0.629703,0
2023-02-14,10837.3187,10887.6414,10782.6988,10887.2367,10812.2820,429801000,13152009820.0000,3,0.861821,1,0.693237,0
2023-02-15,10886.2715,10918.7439,10764.0189,10774.5463,10887.2367,483968100,15544555868.0000,3,0.970435,1,-1.035069,0
2023-02-16,10814.2439,10932.8961,10629.9814,10702.4755,10774.5463,806013700,22402355341.0000,3,1.616188,1,-0.668899,0
2023-02-17,10676.1097,10849.7507,10645.7260,10766.8741,10702.4755,716035500,19813722155.0000,3,0.000000,1,0.601717,0
2023-02-20,10777.4508,10835.5161,10625.2835,10820.2751,10766.8741,603206800,17858033584.0000,3,1.209524,1,0.495975,0
2023-02-21,10823.4942,10924.5773,10803.5586,10863.2982,10820.2751,579678900,16063859386.0000,3,1.162346,1,0.397616,0
2023-02-22,10819.1298,10917.2797,10787.7536,10828.7881,10863.2982,445245400,12985765598.0000,3,0.892786,1,-0.317676,0
2023-02-23,10821.9960,10897.0177,10717.6512,10758.7088,10828.7881,454412000,13284707402.0000,3,0.911158,1,-0.647157,0
2023-02-24,10763.3286,10795.6223,10687.8634,10725.5700,10758.7088,362177300,10910158325.0000,3,0.726215,1,-0.308018,0
2023-02-27,10704.4321,10752.5227,10575.9239,10604.7867,10725.5700,410416800,13486774117.0000,3,0.822941,1,-1.126125,0
2023-02-28,10621.2793,10782.2372,10611.4639,10779.8648,10604.7867,521178200,15723687366.0000,3,1.045033,1,1.650935,0
2023-03-01,10803.1745,10807.5744,10670.9449,10711.4599,10779.8648,494390100,15591943420.0000,3,0.991319,1,-0.634562,0
2023-03-02,10712.2208,10712.2208,10586.2975,10596.2292,10711.4599,430419100,12132565261.0000,3,0.863048,1,-1.075770,0
2023-03-03,10600.4582,10678.8618,10552.0693,10583.3009,10596.2292,342360000,11117508324.0000,3,0.686478,1,-0.122008,0
2023-03-06,10586.4885,10708.4304,10531.6472,10683.7877,10583.3009,475774200,15422162179.0000,3,0.953985,1,0.949484,0
2023-03-07,10672.8611,10746.2523,10503.7144,10506.2978,10683.7877,529198700,14979544892.0000,3,1.061107,1,-1.661301,0
2023-03-08,10484.2681,10513.0800,10417.2706,10470.2487,10506.2978,367429800,11181826945.0000,3,0.736741,1,-0.343119,0
2023-03-09,10475.2818,10535.3434,10445.8513,10488.6294,10470.2487,317598800,10627933976.0000,3,0.636824,1,0.175552,0
2023-03-10,10441.9766,10517.6345,10364.7684,10448.5698,10488.6294,366037400,12345469042.0000,3,0.733949,1,-0.381934,0
2023-03-13,10414.6519,10500.6737,10344.9399,10500.4010,10448.5698,479905700,14981912939.0000,3,0.962268,1,0.496060,0
2023-03-14,10486.7542,10580.2811,10372.1468,10401.9882,10500.4010,441882700,12709827708.0000,3,0.886028,1,-0.937229,0
2023-03-15,10428.8742,10602.1880,10428.8742,10529.3680,10401.9882,490382500,13253588457.0000,3,0.983276,1,1.224572,0
2023-03-16,10495.9239,10634.6398,10472.1923,10494.6723,10529.3680,570373300,16186124630.0000,3,1.143667,1,-0.329514,0
2023-03-17,10534.0436,10573.1590,10327.8075,10344.3809,10494.6723,523972700,17016367074.0000,3,1.050628,1,-1.432073,0
2023-03-20,10317.0757,10319.5190,10115.3642,10191.3668,10344.3809,499411200,16459683074.0000,3,1.001379,1,-1.479200,0
2023-03-21,10214.5052,10384.5696,10214.5052,10377.9639,10191.3668,426174600,15895908631.0000,3,0.854531,1,1.830933,0
2023-03-22,10415.5610,10480.1333,10326.0747,10355.8843,10377.9639,391283800,13517627081.0000,3,0.784571,1,-0.212755,0
2023-03-23,10336.1444,10431.5937,10297.8100,10346.9893,10355.8843,376859900,12826809558.0000,3,0.755649,1,-0.085893,0
2023-03-24,10377.1987,10458.3309,10190.1390,10194.5530,10346.9893,473014000,13111280831.0000,3,0.948448,1,-1.473243,0
2023-03-27,10192.3824,10356.9107,10090.8951,10254.1735,10194.5530,460542800,16006745690.0000,3,0.923441,1,0.584827,0
2023-03-28,10271.5722,10391.3862,10244.8787,10327.7213,10254.1735,474672600,14444580269.0000,3,0.951773,1,0.717247,0
2023-03-29,10335.1829,10375.8659,10264.4135,10325.8413,10327.7213,399468900,12270534601.0000,3,0.800981,1,-0.018203,0
2023-03-30,10328.2473,10349.7192,10255.6686,10333.3875,10325.8413,331623100,10712938423.0000,3,0.664943,1,0.073081,0
2023-03-31,10356.4843,10490.0679,10356.4843,10440.9042,10333.3875,474927000,15382136596.0000,3,0.952283,1,1.040479,0
2023-04-03,10430.0462,10451.1473,10285.1711,10317.7919,10440.9042,520510000,17316067938.0000,3,1.043683,1,-1.179134,0
2023-04-04,10319.7152,10460.2122,10312.5938,10460.0798,10317.7919,613222800,19059469251.0000,3,1.229580,1,1.379054,0
2023-04-06,10454.7880,10577.4123,10438.2899,10570.7312,10460.0798,565621800,16150337656.0000,3,1.134132,1,1.057845,0
2023-04-07,10575.2264,10758.9680,10546.8980,10738.4205,10570.7312,619302200,21387485582.0000,3,1.241767,1,1.586355,0
2023-04-10,10755.0365,10811.8198,10665.6533,10692.0144,10738.4205,545138800,19389574605.0000,3,1.093062,1,-0.432150,0
2023-04-11,10713.4554,10807.0226,10649.8242,10724.4195,10692.0144,418813600,15479482540.0000,3,0.839766,1,0.303078,0
2023-04-12,10727.1612,10821.7612,10636.8673,10640.8131,10724.4195,443695800,14198369482.0000,3,0.889658,1,-0.779589,0
2023-04-13,10637.1696,10848.6553,10563.7024,10838.8462,10640.8131,548910200,20597361266.0000,3,1.100624,1,1.861071,0
2023-04-14,10876.1836,10954.4076,10761.6962,10796.5407,10838.8462,512281700,19478383616.0000,3,1.027180,1,-0.390314,0
2023-04-17,10786.7527,10887.1254,10723.7316,10870.0144,10796.5407,575256100,20101921457.0000,3,1.153450,1,0.680530,0
2023-04-18,10839.6048,10839.6048,10727.0470,10748.2333,10870.0144,445886400,16803018553.0000,3,0.894050,1,-1.120340,0
2023-04-19,10756.5596,10781.0580,10663.4041,10679.5726,10748.2333,447153200,14966559020.0000,3,0.896590,1,-0.638809,0
2023-04-20,10687.3364,10736.0106,10530.7706,10557.6749,10679.5726,452493800,15274982248.0000,3,0.907298,1,-1.141410,0
2023-04-21,10552.2386,10703.7832,10517.9235,10523.4338,10557.6749,566110200,17885164180.0000,3,1.135107,1,-0.324324,0
2023-04-24,10551.5117,10632.6614,10407.2938,10463.8212,10523.4338,661770300,20485671894.0000,3,1.326477,1,-0.566475,0
2023-04-25,10458.5388,10464.2895,10152.7402,10269.5650,10463.8212,760085000,23893570670.0000,3,1.523543,1,-1.856456,0
2023-04-26,10245.3115,10427.4708,10242.7090,10382.2391,10269.5650,602548200,19061553708.0000,3,1.207770,1,1.097165,0
2023-04-27,10407.9556,10637.0298,10388.5191,10588.8202,10382.2391,706466000,20382582945.0000,3,1.416067,1,1.989755,0
2023-04-28,10602.0030,10612.0993,10441.8316,10537.6820,10588.8202,639228100,19311369354.0000,3,1.281293,1,-0.482945,0
2023-05-04,10526.1765,10766.1290,10510.2223,10718.8020,10537.6820,658486400,20285789071.0000,3,1.302622,1,1.718784,0
2023-05-05,10712.8877,10720.9934,10481.4752,10522.2708,10718.8020,525182500,15264633641.0000,3,1.038919,1,-1.833518,0
2023-05-08,10577.5537,10650.1951,10413.2974,10484.4313,10522.2708,545023400,17517442927.0000,3,1.078129,1,-0.359613,0
2023-05-09,10463.3229,10485.9976,10312.8527,10320.2168,10484.4313,525141800,17840537547.0000,3,1.038411,1,-1.566270,0
2023-05-10,10295.0906,10348.3412,10228.5908,10298.0189,10320.2168,392641000,12777910731.0000,3,0.776405,1,-0.215091,0
2023-05-11,10307.4734,10409.4482,10205.6709,10212.4883,10298.0189,490754500,14720229596.0000,3,0.970414,1,-0.830554,0
2023-05-12,10205.7923,10355.0511,10180.3471,10234.5236,10212.4883,447964800,12552669618.0000,3,0.885706,1,0.215768,0
2023-05-15,10233.5299,10320.5349,10115.9172,10320.5349,10234.5236,399949700,12602372547.0000,3,0.790719,1,0.840404,0
2023-05-16,10330.5642,10423.1880,10302.7186,10361.7323,10320.5349,525713900,15420701258.0000,3,1.039459,1,0.399179,0
2023-05-17,10340.0821,10340.0884,10237.8844,10329.0832,10361.7323,363310300,10516855728.0000,3,0.718340,1,-0.315093,0
2023-05-18,10325.4694,10389.7142,10211.6250,10264.7092,10329.0832,351839400,10595099411.0000,3,0.695660,1,-0.623231,0
2023-05-19,10240.0850,10454.2695,10188.0470,10417.6872,10264.7092,395872300,12244278797.0000,3,0.782722,1,1.490330,0
2023-05-22,10413.2302,10501.3941,10375.9320,10451.2820,10417.6872,391659900,13457992735.0000,3,0.774342,1,0.322478,0
2023-05-23,10455.0557,10635.3736,10448.3858,10522.4566,10451.2820,510133600,15668127362.0000,3,1.008574,1,0.681013,0
2023-05-24,10454.8851,10455.0557,10294.0056,10348.6434,10522.4566,407713400,12510514006.0000,3,0.804989,1,-1.651831,0
2023-05-25,10310.9503,10341.0580,10192.3680,10272.3223,10348.6434,342207400,10651370923.0000,3,0.675654,1,-0.737499,0
2023-05-26,10266.4205,10508.9907,10249.0738,10467.1876,10272.3223,447999800,13062152910.0000,3,0.884530,1,1.896994,0
2023-05-29,10447.6823,10555.7115,10396.7378,10467.3635,10467.1876,442231100,13801261393.0000,3,0.873140,1,0.001680,0
2023-05-30,10456.2533,10510.1849,10284.1933,10437.9322,10467.3635,383727000,12761438751.0000,3,0.757630,1,-0.281172,0
2023-05-31,10437.2473,10524.5079,10329.8574,10370.1107,10437.9322,455067000,16475159464.0000,3,0.898483,1,-0.649760,0
2023-06-01,10354.9643,10404.1035,10263.6428,10277.4415,10370.1107,417827000,14962818530.0000,3,0.824957,1,-0.893618,0
2023-06-02,10286.0095,10328.5788,10225.5494,10248.7935,10277.4415,343625500,11668374819.0000,3,0.677098,1,-0.278746,0
2023-06-05,10257.8951,10291.0296,10172.9773,10281.7035,10248.7935,420051200,12530307044.0000,3,0.821842,1,0.321111,0
2023-06-06,10267.5267,10267.8741,10028.3397,10046.9403,10281.7035,386381900,12114294853.0000,3,0.755928,1,-2.283310,0
2023-06-07,10058.1904,10104.8040,9986.5907,10011.1689,10046.9403,381321600,11418901491.0000,3,0.741856,1,-0.356043,0
2023-06-08,10006.6323,10031.4690,9878.8528,9923.4518,10011.1689,355410800,11201322294.0000,3,0.691447,1,-0.876192,0
2023-06-09,9903.2686,10037.7772,9868.9669,9951.8614,9923.4518,500248500,17349530538.0000,3,0.969651,1,0.286287,0
2023-06-12,9922.2088,9957.8171,9831.4817,9927.0027,9951.8614,485888800,16393158679.0000,3,1.010019,1,-0.249789,0
2023-06-13,9916.2047,9964.4422,9811.7522,9830.0546,9927.0027,353884300,11828675916.0000,3,0.735621,1,-0.976610,0
2023-06-14,9831.5949,9949.7706,9803.6193,9865.3542,9830.0546,372894300,12887568236.0000,3,0.775137,1,0.359099,0
2023-06-15,9859.0681,9967.4105,9810.9576,9967.0238,9865.3542,401718600,14725465376.0000,3,0.835054,1,1.030572,0
2023-06-16,9984.6752,10058.2374,9910.5902,9945.4464,9967.0238,371535200,13573083615.0000,3,0.772312,1,-0.216488,0
2023-06-19,9934.3025,9999.9810,9878.3614,9882.1102,9945.4464,382911900,12428214911.0000,3,0.795960,1,-0.636836,0
2023-06-20,9883.2732,9945.9478,9824.3114,9824.3114,9882.1102,346917200,10976479298.0000,3,0.721138,1,-0.584883,0
2023-06-21,9801.8703,9811.6926,9627.2382,9627.2382,9824.3114,365768900,13449626052.0000,3,0.760325,1,-2.005975,0
2023-06-26,9570.4992,9659.9650,9540.1812,9575.3969,9627.2382,369292500,11590301935.0000,3,0.767079,1,-0.538486,0
2023-06-27,9597.2012,9743.6204,9591.4259,9661.6500,9575.3969,315115600,9807599652.0000,3,0.654546,1,0.900778,0
2023-06-28,9672.0382,9712.5101,9587.2922,9665.0366,9661.6500,283363300,8914939267.0000,3,0.588589,1,0.035052,0
2023-06-29,9672.4911,9776.9742,9663.8482,9721.0815,9665.0366,340265000,10731791293.0000,3,0.703408,1,0.579873,0
2023-06-30,9720.0712,9879.6512,9718.4040,9798.7557,9721.0815,375375300,11414170096.0000,3,0.775990,1,0.799028,0
2023-07-03,9802.8219,9810.1605,9726.1592,9792.1520,9798.7557,369287700,11477445001.0000,3,0.763320,1,-0.067393,0
2023-07-04,9770.5886,9859.7576,9706.5295,9824.8657,9792.1520,422469300,15977794751.0000,3,0.873126,1,0.334081,0
2023-07-05,9826.7068,9843.1505,9736.0072,9749.7861,9824.8657,447666400,12123318606.0000,3,0.925193,1,-0.764179,0
2023-07-06,9735.4803,9737.4056,9581.3721,9598.9072,9749.7861,394121000,11205487516.0000,3,0.814531,1,-1.547510,0
2023-07-07,9581.5351,9625.9298,9539.6109,9578.4056,9598.9072,274020200,8284453937.0000,3,0.566318,1,-0.213583,0
2023-07-10,9601.8332,9669.2997,9575.0429,9603.3738,9578.4056,299451400,10000323010.0000,3,0.618877,1,0.260672,0
2023-07-11,9608.9675,9662.8877,9560.3688,9655.9591,9603.3738,261561500,8322441112.0000,3,0.540570,1,0.547571,0
2023-07-12,9664.3732,9665.7356,9516.4986,9527.5173,9655.9591,261550600,8502195068.0000,3,0.538758,1,-1.330182,0
2023-07-13,9547.6465,9634.6725,9540.0678,9610.4509,9527.5173,366082900,12722533296.0000,3,0.754079,1,0.870464,0
2023-07-14,9628.4077,9628.4844,9526.6706,9542.0455,9610.4509,279950600,8937116998.0000,3,0.576658,1,-0.711781,0
2023-07-17,9494.7940,9501.3775,9405.2294,9501.3775,9542.0455,332557800,9743709954.0000,3,0.685013,1,-0.426198,0
2023-07-18,9494.4271,9494.4271,9446.2690,9466.6476,9501.3775,285390000,9127522115.0000,3,0.587856,1,-0.365525,0
2023-07-19,9453.0494,9499.9932,9386.5965,9397.1629,9466.6476,220789000,7064983121.0000,3,0.454788,1,-0.733995,0
2023-07-20,9415.2563,9450.6925,9338.6616,9341.7381,9397.1629,250353900,7622326503.0000,3,0.514995,1,-0.589804,0
2023-07-21,9346.8176,9537.6363,9331.7828,9438.3644,9341.7381,266091300,9324985841.0000,3,0.547366,1,1.034350,0
2023-07-24,9442.6755,9581.3858,9420.8247,9513.4875,9438.3644,328442500,11049445884.0000,3,0.675627,1,0.795933,0
2023-07-25,9560.0482,9589.4946,9493.1732,9566.2736,9513.4875,316724100,10685317442.0000,3,0.649116,1,0.554855,0
2023-07-26,9555.0392,9718.7081,9536.8155,9666.5717,9566.2736,347557000,11658607281.0000,3,0.712307,1,1.048455,0
2023-07-27,9670.9689,9683.2593,9619.8681,9633.9614,9666.5717,274952600,9687697213.0000,3,0.563507,1,-0.337351,0
2023-07-28,9609.0935,9753.9729,9585.0278,9745.5911,9633.9614,339374800,12406022566.0000,3,0.695538,1,1.158710,0
2023-07-31,9751.4323,9792.1264,9563.8325,9602.2761,9745.5911,646520000,23477136440.0000,3,1.324058,1,-1.470562,0
2023-08-01,9592.7693,9685.2711,9524.4896,9542.5096,9602.2761,591088600,20886974607.0000,3,1.210536,1,-0.622420,0
2023-08-02,9527.8771,9527.8771,9366.2427,9386.2616,9542.5096,477428000,16320494432.0000,3,0.977761,1,-1.637389,0
2023-08-03,9367.2145,9533.0688,9356.5252,9529.2638,9386.2616,526577900,18044847936.0000,3,1.077747,1,1.523527,0
2023-08-04,9553.8217,9579.9853,9464.6306,9471.9011,9529.2638,479211200,17052821189.0000,3,0.980574,1,-0.601964,0
2023-08-07,9444.8618,9444.8618,9169.2736,9193.3627,9471.9011,749875500,21979168045.0000,3,1.534414,1,-2.940681,0
2023-08-08,9165.0853,9299.9064,9102.9839,9248.2598,9193.3627,593793200,17156145704.0000,3,1.215035,1,0.597138,0
2023-08-09,9236.4297,9455.2216,9234.3167,9374.8964,9248.2598,499664000,17068719281.0000,3,1.022420,1,1.369302,0
2023-08-10,9341.9155,9366.8977,9282.1771,9340.0676,9374.8964,323003900,11903164869.0000,3,0.660936,1,-0.371511,0
2023-08-11,9337.2497,9402.6916,9248.4462,9248.4462,9340.0676,372802200,11801246079.0000,3,0.762834,1,-0.980950,0
2023-08-14,9199.0528,9297.7426,9141.0319,9295.6485,9248.4462,418759800,13329195495.0000,3,0.856041,1,0.510381,0
2023-08-15,9291.5970,9310.4213,9174.7463,9289.9284,9295.6485,422084100,12348617940.0000,3,0.862836,1,-0.061535,0
2023-08-16,9257.6273,9367.8046,9227.0486,9227.5550,9289.9284,389339600,12263411264.0000,3,0.795899,1,-0.671409,0
2023-08-17,9184.8162,9242.6355,9141.8081,9234.7320,9227.5550,316136500,10375603818.0000,3,0.646255,1,0.077778,0
2023-08-18,9233.8288,9233.8288,8997.7733,8997.7733,9234.7320,400809000,11199140836.0000,3,0.819339,1,-2.565951,0
2023-08-21,8957.1730,9071.3799,8925.3309,8932.5711,8997.7733,351544800,10733661787.0000,3,0.718633,1,-0.724648,0
2023-08-22,8954.2054,8980.4390,8709.6377,8841.2271,8932.5711,391346500,11895566788.0000,3,0.800004,1,-1.022595,0
2023-08-23,8829.4897,8832.2183,8691.3100,8693.3671,8841.2271,266579800,8413570762.0000,3,0.544952,1,-1.672392,0
2023-08-24,8703.1848,8881.8507,8638.8943,8810.5810,8693.3671,338328200,11049958639.0000,3,0.691622,1,1.348314,0
2023-08-25,8778.4550,8798.2974,8652.6827,8679.1573,8810.5810,343981300,11732762920.0000,3,0.703179,1,-1.491658,0
2023-08-28,9142.5608,9153.7794,8662.5474,8688.5176,8679.1573,526920700,17467645263.0000,3,1.077150,1,0.107848,0
2023-08-29,8679.8698,8969.5877,8667.5806,8945.1328,8688.5176,415761100,13797372207.0000,3,0.849913,1,2.953498,0
2023-08-30,8951.7029,9027.6109,8905.5512,8951.6194,8945.1328,383798600,11893260354.0000,3,0.784575,1,0.072515,0
2023-08-31,8935.0208,8964.3297,8855.3467,8924.5105,8951.6194,323645700,9701627606.0000,3,0.661608,1,-0.302838,0
2023-09-01,8924.8219,8943.6538,8866.0927,8884.1414,8924.5105,239629200,7610025366.0000,3,0.489858,1,-0.452340,0
2023-09-04,8908.7415,8930.5403,8855.8858,8904.5384,8884.1414,323384000,10343909127.0000,3,0.661072,1,0.229589,0
2023-09-05,8891.4824,8936.7815,8845.2862,8852.4482,8904.5384,277183300,8231259449.0000,3,0.566627,1,-0.584985,0
2023-09-06,8828.6976,8829.0600,8714.1928,8745.1578,8852.4482,266528400,9670103193.0000,3,0.544846,1,-1.211986,0
2023-09-07,8732.0302,8741.5563,8611.7530,8616.6561,8745.1578,292887600,8791039861.0000,3,0.598652,1,-1.469404,0
2023-09-08,8597.0828,8674.2966,8589.0007,8642.7394,8616.6561,208969700,6564410377.0000,3,0.427126,1,0.302708,0
2023-09-11,8650.1922,8916.4629,8650.1922,8890.7489,8642.7394,514081800,15508386550.0000,3,1.050734,1,2.869570,0
2023-09-12,8887.7546,8988.0001,8862.1709,8916.8281,8890.7489,354480600,10152667695.0000,3,0.724524,1,0.293330,0
2023-09-13,8917.3371,8948.2259,8787.7209,8854.3576,8916.8281,286168100,8675823831.0000,3,0.584900,1,-0.700591,0
2023-09-14,8858.9491,8894.0008,8777.1811,8833.3165,8854.3576,265055100,8370416900.0000,3,0.541747,1,-0.237636,0
2023-09-15,8843.0083,9034.6854,8802.7344,8979.5824,8833.3165,469027500,14980593946.0000,3,0.958647,1,1.655844,0
2023-09-18,8971.3807,9095.1233,8967.3706,9059.5303,8979.5824,403255100,13205601027.0000,3,0.823529,1,0.890330,0
2023-09-19,9070.7609,9118.9088,8993.7553,9042.3877,9059.5303,298078800,8860695307.0000,3,0.608738,1,-0.189222,0
2023-09-20,9024.6702,9054.7322,8961.2233,8964.8116,9042.3877,240880900,7458005213.0000,3,0.491928,1,-0.857916,0
2023-09-21,8940.5039,8947.2275,8836.1261,8847.5881,8964.8116,250190900,7837005749.0000,3,0.510941,1,-1.307596,0
2023-09-22,8842.8419,8932.5569,8749.1191,8930.6686,8847.5881,374293500,10956032285.0000,3,0.764383,1,0.939019,0
2023-09-25,8922.1276,9095.0340,8894.6549,9060.1800,8930.6686,416471600,13168782425.0000,3,0.850520,1,1.450187,0
2023-09-26,9063.8226,9092.0469,8986.8775,8999.0645,9060.1800,301100300,9687591382.0000,3,0.614908,1,-0.674551,0
2023-09-27,9007.2873,9239.8922,9007.2873,9218.7652,8999.0645,565644800,17156442595.0000,3,1.155162,1,2.441373,0
2023-09-28,9247.9084,9281.6764,9180.9007,9193.0693,9218.7652,547665500,14799921368.0000,3,1.118432,1,-0.278735,0
2023-10-09,9174.2994,9192.1818,9031.5410,9132.1744,9193.0693,440174800,12527213930.0000,3,0.898900,1,-0.662400,0
2023-10-10,9135.4832,9144.3860,8964.1212,8968.8762,9132.1744,391698000,10576906686.0000,3,0.799879,1,-1.788163,0
2023-10-11,8996.1716,9267.4303,8996.1716,9163.6435,8968.8762,490732700,15354059777.0000,3,1.002116,1,2.171591,0
2023-10-12,9214.6063,9299.3757,9131.7327,9192.0944,9163.6435,455125400,13042669657.0000,3,0.929403,1,0.310476,0
2023-10-13,9157.9570,9284.7947,9143.1761,9238.5487,9192.0944,538431800,14265563597.0000,3,1.099522,1,0.505372,0
2023-10-16,9256.9426,9306.9680,9090.7943,9129.6030,9238.5487,514903900,14318853774.0000,3,1.051476,1,-1.179251,0
2023-10-17,9118.5784,9127.3975,8981.5422,9080.5467,9129.6030,443682600,12333749014.0000,3,0.906036,1,-0.537332,0
2023-10-18,9046.8337,9046.8337,8871.4888,8886.5851,9080.5467,379013500,10091890959.0000,3,0.773977,1,-2.136012,0
2023-10-19,8837.4533,8844.0240,8703.0904,8712.9381,8886.5851,459555500,11502456158.0000,3,0.938410,1,-1.954035,0
2023-10-20,8672.6228,8689.7912,8592.7925,8608.5188,8712.9381,357064200,10255916461.0000,3,0.729124,1,-1.198440,0
2023-10-23,8580.9895,8637.1376,8475.2899,8512.9584,8608.5188,347587000,9775883055.0000,3,0.709741,1,-1.110068,0
2023-10-24,8542.1999,8637.9843,8453.6811,8583.4561,8512.9584,352532400,10321474448.0000,3,0.719839,1,0.828122,0
2023-10-25,8621.9695,8638.6338,8505.3161,8505.7048,8583.4561,441352100,12380806193.0000,3,0.901201,1,-0.905827,0
2023-10-26,8443.8650,8542.0740,8428.4833,8534.3513,8505.7048,418597500,11107781671.0000,3,0.854738,1,0.336792,0
2023-10-27,8525.1949,8981.9721,8468.1316,8941.5754,8534.3513,686853700,18382700870.0000,3,1.402493,1,4.771588,0
2023-10-30,8956.5711,9146.9619,8946.4552,9130.6843,8941.5754,727789900,21696522658.0000,3,1.486081,1,2.114939,0
2023-10-31,9120.0110,9175.6389,9061.6365,9112.3259,9130.6843,593070600,19463335882.0000,3,1.212221,1,-0.201063,0
2023-11-01,9122.1455,9141.3869,8999.2181,9095.6903,9112.3259,439406100,13456484454.0000,3,0.898135,1,-0.182562,0
2023-11-02,9105.6780,9143.2133,9045.0215,9046.8939,9095.6903,346178600,10134474278.0000,3,0.707563,1,-0.536478,0
2023-11-03,9051.3703,9176.7802,9049.7292,9091.8308,9046.8939,377887600,11174893103.0000,3,0.772373,1,0.496711,0
2023-11-06,9158.0617,9364.5783,9158.0617,9325.7562,9091.8308,553354400,16876200514.0000,3,1.129354,1,2.572919,0
2023-11-07,9314.2176,9381.1190,9267.0504,9296.3841,9325.7562,443108900,12696254085.0000,3,0.904351,1,-0.314957,0
2023-11-08,9291.1730,9471.2949,9286.5419,9426.0187,9296.3841,491571000,14899372909.0000,3,1.003259,1,1.394463,0
2023-11-09,9435.5907,9527.2275,9317.6237,9341.0349,9426.0187,425837000,12461361168.0000,3,0.869100,1,-0.901587,0
2023-11-10,9292.4381,9448.2644,9230.9850,9390.6579,9341.0349,395767200,11553533467.0000,3,0.807730,1,0.531237,0
2023-11-13,9405.2886,9431.0772,9268.9231,9326.8539,9390.6579,424115000,12396792506.0000,3,0.865585,1,-0.679441,0
2023-11-14,9331.1429,9409.7757,9317.5358,9369.5046,9326.8539,381837300,11282284541.0000,3,0.779299,1,0.457289,0
2023-11-15,9455.4864,9466.0568,9317.5208,9344.6389,9369.5046,354497800,11428237581.0000,3,0.723484,1,-0.265390,0
2023-11-16,9314.7307,9341.6121,9201.0096,9221.1120,9344.6389,301867500,9204342853.0000,3,0.616072,1,-1.321901,0
2023-11-17,9202.2812,9298.6807,9189.5995,9291.4551,9221.1120,355025600,9472211242.0000,3,0.724561,1,0.762848,0
2023-11-20,9299.7017,9439.4224,9299.7017,9424.9318,9291.4551,494460600,13735921540.0000,3,1.009130,1,1.436553,0
2023-11-21,9426.8882,9496.3746,9398.9103,9421.4985,9424.9318,398390900,11647482007.0000,3,0.813064,1,-0.036428,0
2023-11-22,9392.2052,9421.7753,9313.4641,9313.4641,9421.4985,316017100,9311861604.0000,3,0.644950,1,-1.146680,0
2023-11-23,9316.6372,9393.9434,9309.3305,9391.4453,9313.4641,325214100,9228183381.0000,3,0.663720,1,0.837295,0
2023-11-24,9386.3697,9433.6022,9356.8878,9428.8198,9391.4453,451811900,11672349684.0000,3,0.922089,1,0.397963,0
2023-11-27,9443.7936,9444.5591,9333.1812,9357.3995,9428.8198,511833500,13993967369.0000,3,1.044548,1,-0.757468,0
2023-11-28,9337.2004,9518.2851,9274.1112,9514.9802,9357.3995,482284400,13861468811.0000,3,0.984244,1,1.684022,0
2023-11-29,9507.3134,9542.7373,9399.6561,9409.1414,9514.9802,372769600,10948870568.0000,3,0.760746,1,-1.112339,0
2023-11-30,9404.8018,9551.1756,9373.1548,9524.0297,9409.1414,421927600,13442620730.0000,3,0.861068,1,1.221029,0
2023-12-01,9512.7661,9571.6845,9458.7167,9564.4665,9524.0297,436844500,13854670974.0000,3,0.891510,1,0.424577,0
2023-12-04,9560.1429,9560.1429,9393.3946,9393.3946,9564.4665,466071700,15310857359.0000,3,0.951153,1,-1.788619,0
2023-12-05,9371.2195,9417.2250,9293.6043,9293.7097,9393.3946,452309900,14337737145.0000,3,0.923068,1,-1.061223,0
2023-12-06,9274.8155,9398.1720,9214.1976,9309.7269,9293.7097,434606800,13989357660.0000,3,0.886940,1,0.172345,0
2023-12-07,9295.6335,9305.7327,9196.6130,9215.1898,9309.7269,402700700,13601818708.0000,3,0.000000,1,-1.015466,0
2023-12-08,9200.9439,9316.3765,9189.1071,9288.7696,9215.1898,474395500,16843461728.0000,3,0.968137,1,0.798462,0
2023-12-11,9241.2247,9385.5279,9182.1297,9363.6327,9288.7696,464331600,16819802075.0000,3,0.950631,1,0.805953,0
2023-12-12,9380.3633,9389.3652,9310.4282,9351.0707,9363.6327,441805300,14572978901.0000,3,0.767305,1,-0.134157,0
2023-12-13,9331.0504,9446.4932,9317.5890,9353.1709,9351.0707,447282200,13963598346.0000,3,0.915718,1,0.022459,0
2023-12-14,9396.0941,9468.4707,9312.6269,9313.9940,9353.1709,392991000,13071086693.0000,3,0.804568,1,-0.418862,0
2023-12-15,9318.9896,9345.8747,9166.4455,9184.7358,9313.9940,471440600,14000458948.0000,3,0.965086,1,-1.387785,0
2023-12-18,9164.5508,9303.9967,9140.2040,9167.5460,9184.7358,426398500,12964454640.0000,3,0.872881,1,-0.187156,0
2023-12-19,9154.4692,9160.9874,9059.8818,9126.0527,9167.5460,342274400,11026328457.0000,3,0.700670,1,-0.452611,0
2023-12-20,9139.0041,9199.5702,9077.1350,9078.5321,9126.0527,328851800,10567802724.0000,3,0.673193,1,-0.520714,0
2023-12-21,9040.5154,9129.1159,8993.0160,9116.1431,9078.5321,353442500,12320390890.0000,3,0.723532,1,0.414285,0
2023-12-22,9112.8552,9115.9521,8992.2307,9026.3844,9116.1431,352112300,11731807399.0000,3,0.720809,1,-0.984613,0
2023-12-25,9016.7017,9095.0201,9014.7479,9092.5561,9026.3844,303071800,10376122922.0000,3,0.620419,1,0.733092,0
2023-12-26,9082.5870,9126.0698,8989.2719,9040.1894,9092.5561,282177100,10520781353.0000,3,0.577645,1,-0.575929,0
2023-12-27,9042.2183,9126.1055,9013.9002,9110.7379,9040.1894,323775600,12241570291.0000,3,0.662801,1,0.780387,0
2023-12-28,9111.6139,9210.3643,9050.2684,9188.4295,9110.7379,476095100,16799742487.0000,3,0.974615,1,0.852748,0
2023-12-29,9179.6937,9319.2358,9171.6730,9305.3256,9188.4295,424246100,15417728661.0000,3,0.868475,1,1.272210,0
2024-01-02,9309.4589,9343.4863,9220.5528,9305.6183,9305.3256,462140900,16056950338.0000,3,0.934515,1,0.003146,0
2024-01-03,9277.3019,9409.8621,9271.3922,9317.1870,9305.6183,417158000,13324035399.0000,3,0.843489,1,0.124320,0
2024-01-04,9308.8186,9317.0087,9218.0752,9281.1065,9317.1870,345912700,12622952035.0000,3,0.699431,1,-0.387247,0
2024-01-05,9262.7485,9268.3218,9060.8035,9093.3145,9281.1065,400104700,15051358444.0000,3,0.809007,1,-2.023379,0
2024-01-08,9060.3585,9071.9605,8928.9653,8930.5783,9093.3145,373225300,13193065652.0000,3,0.754499,1,-1.789625,0
2024-01-09,8923.9419,9011.4945,8884.1517,8961.1426,8930.5783,325912100,12127624774.0000,3,0.658852,1,0.342243,0
2024-01-10,8945.9156,9004.9125,8851.0682,8851.0682,8961.1426,357204600,13538151193.0000,3,0.722112,1,-1.228352,0
2024-01-11,8867.4387,8922.1587,8780.2324,8899.2764,8851.0682,435220600,15184446195.0000,3,0.879827,1,0.544660,0
2024-01-12,8866.5549,8934.1862,8795.8656,8798.3588,8899.2764,337461900,11484624604.0000,3,0.682201,1,-1.133998,0
2024-01-15,8762.7248,8901.6448,8757.0244,8797.4661,8798.3588,333487600,10616222631.0000,3,0.674117,1,-0.010146,0
2024-01-16,8798.5728,8808.6442,8659.1479,8762.8836,8797.4661,314552000,10365078414.0000,3,0.635831,1,-0.393096,0
2024-01-17,8743.8595,8789.3188,8527.0225,8527.0225,8762.8836,317892500,10289339997.0000,3,0.642583,1,-2.691592,0
2024-01-18,8477.9859,8554.8639,8281.9019,8542.4442,8527.0225,474862900,14878955895.0000,3,0.959881,1,0.180857,0
2024-01-19,8516.6934,8587.2574,8481.6011,8496.9913,8542.4442,311641600,11391316676.0000,3,0.629947,1,-0.532083,0
2024-01-22,8477.4283,8480.8616,8052.7923,8104.6756,8496.9913,443421200,14365681327.0000,3,0.896324,1,-4.617113,0
2024-01-23,8079.5659,8227.7669,8042.4591,8185.3457,8104.6756,361850200,11215879056.0000,3,0.731437,1,0.995353,0
2024-01-24,8217.1572,8262.8296,7963.6297,8201.2734,8185.3457,385743800,11518506790.0000,3,0.779736,1,0.194588,0
2024-01-25,8192.0244,8411.3239,8129.5849,8390.4680,8201.2734,480055500,14218566416.0000,3,0.970376,1,2.306893,0
2024-01-26,8354.1859,8435.9655,8184.1424,8235.1355,8390.4680,499120900,15514545838.0000,3,1.008914,1,-1.851297,0
2024-01-29,8256.6419,8301.8662,8109.9803,8125.1623,8235.1355,522669300,18191072093.0000,3,1.056514,1,-1.335415,0
2024-01-30,8080.3780,8121.1423,7931.6236,7935.6517,8125.1623,494789500,16240027279.0000,3,1.000159,1,-2.332392,0
2024-01-31,7835.3963,7883.7703,7647.1520,7658.6619,7935.6517,559263700,17303111842.0000,3,1.130486,1,-3.490448,0
2024-02-01,7615.8117,7851.7518,7586.2945,7669.4073,7658.6619,539130600,15788484126.0000,3,1.089789,1,0.140304,0
2024-02-02,7691.0240,7720.3014,7242.8066,7448.5601,7669.4073,583043100,17203412473.0000,3,1.178036,1,-2.879586,0
2024-02-05,7387.8987,7575.9372,7075.5041,7407.4071,7448.5601,790013400,23746373991.0000,3,1.596218,1,-0.552496,0
2024-02-06,7359.6688,8006.8080,7294.8537,8001.3066,7407.4071,775334800,23122500447.0000,3,1.566560,1,8.017644,0
2024-02-07,8071.5178,8477.9261,8053.7196,8477.3224,8001.3066,932976700,28551382007.0000,3,1.885075,1,5.949226,0
2024-02-08,8482.3601,8754.4872,8379.1771,8465.6179,8477.3224,850665600,27126819983.0000,3,1.718766,1,-0.138068,0
2024-02-19,8512.0376,8512.0376,8248.9364,8333.8480,8465.6179,683189700,22343449534.0000,3,1.380027,1,-1.556530,0
2024-02-20,8298.0361,8451.3480,8252.1615,8390.4171,8333.8480,541829400,17753769052.0000,3,1.094610,1,0.678787,0
2024-02-21,8333.8641,8552.7575,8292.5997,8395.8417,8390.4171,610439900,19932954221.0000,3,1.233218,1,0.064652,0
2024-02-22,8375.8668,8448.1254,8364.6671,8448.1254,8395.8417,445575300,14395900384.0000,3,0.900156,1,0.622733,0
2024-02-23,8465.0288,8488.2531,8364.8212,8488.2163,8448.1254,466407500,15286941865.0000,3,0.942242,1,0.474554,0
2024-02-26,8480.4794,8578.7664,8373.7998,8487.9822,8488.2163,510949600,16258600192.0000,3,1.032206,1,-0.002758,0
2024-02-27,8458.2096,8594.9158,8434.5213,8594.9158,8487.9822,443106800,14951299050.0000,3,0.895152,1,1.259824,0
2024-02-28,8616.9319,8786.2196,8442.8444,8442.8444,8594.9158,686046900,22055859574.0000,3,1.385933,1,-1.769318,0
2024-02-29,8395.2934,8638.7659,8392.1592,8635.5427,8442.8444,547198600,17590000993.0000,3,1.105435,1,2.282386,0
2024-03-01,8625.4779,8625.4779,8520.7139,8605.5299,8635.5427,447982500,15129573984.0000,3,0.905002,1,-0.347550,0
2024-03-04,8573.3519,8774.8719,8559.1166,8706.6190,8605.5299,687081300,23552376717.0000,3,1.388022,1,1.174699,0
2024-03-05,8659.4205,8667.0630,8577.5011,8613.4115,8706.6190,533760900,18755929416.0000,3,1.078289,1,-1.070536,0
2024-03-06,8593.0588,8615.4196,8443.9377,8517.5164,8613.4115,423681300,14410712967.0000,3,0.855909,1,-1.113323,0
2024-03-07,8474.2369,8494.1936,8279.3250,8279.3250,8517.5164,552755300,18671860327.0000,3,1.116659,1,-2.796489,0
2024-03-08,8270.8324,8368.2671,8267.1437,8336.0182,8279.3250,433642100,15251400381.0000,3,0.876030,1,0.684756,0
2024-03-11,8351.8397,8541.7241,8322.1844,8536.1319,8336.0182,509671200,17757424005.0000,3,1.029622,1,2.400591,0
2024-03-12,8566.1158,8707.7045,8566.1158,8660.4292,8536.1319,637030600,22398671312.0000,3,1.145522,1,1.456131,0
2024-03-13,8651.9185,8651.9185,8537.3056,8594.8874,8660.4292,459445500,15894008236.0000,3,0.928157,1,-0.756796,0
2024-03-14,8763.3165,8821.3633,8585.1942,8629.0672,8594.8874,768688900,29327327893.0000,3,1.552881,1,0.397676,0
2024-03-15,8598.9810,8730.6785,8537.8336,8638.0140,8629.0672,602407900,21269628427.0000,3,1.216966,1,0.103682,0
2024-03-18,8643.6457,8757.6289,8566.3814,8757.6289,8638.0140,682758300,23643954206.0000,3,1.379287,1,1.384750,0
2024-03-19,8730.8228,8730.8228,8605.5972,8605.5972,8757.6289,603279600,21559529517.0000,3,1.218727,1,-1.735992,0
2024-03-20,8585.6493,8634.9308,8532.4233,8594.6716,8605.5972,464216900,15940318486.0000,3,0.938181,1,-0.126959,0
2024-03-21,8596.2803,8618.1172,8508.3329,8515.6169,8594.6716,439171800,15110689089.0000,3,0.887564,1,-0.919811,0
2024-03-22,8497.6919,8500.0052,8319.8991,8365.7996,8515.6169,537400100,17611968984.0000,3,1.086080,1,-1.759324,0
2024-03-25,8350.0064,8417.0564,8257.5212,8257.9660,8365.7996,501274600,16885317443.0000,3,1.011845,1,-1.288981,0
2024-03-26,8258.0218,8279.8275,8197.2328,8233.3783,8257.9660,414854000,13724626744.0000,3,0.837401,1,-0.297745,0
2024-03-27,8230.0242,8297.9023,8158.7394,8158.7394,8233.3783,430597300,13967776228.0000,3,0.869179,1,-0.906540,0
2024-03-28,8145.4149,8276.6679,8103.2346,8188.7721,8158.7394,415697900,13894353244.0000,3,0.839104,1,0.368105,0
2024-03-29,8175.1272,8217.5349,8132.0447,8213.1066,8188.7721,393543900,12246007336.0000,3,0.794374,1,0.297169,0
2024-04-01,8232.5080,8383.3298,8232.2948,8382.2601,8213.1066,515070000,16036158135.0000,3,1.039677,1,2.059556,0
2024-04-02,8383.2326,8384.7451,8274.2903,8307.2216,8382.2601,457510500,15142454403.0000,3,0.923492,1,-0.895206,0
2024-04-03,8289.7110,8353.5861,8267.7691,8285.3853,8307.2216,427135000,13707504947.0000,3,0.862178,1,-0.262859,0
2024-04-08,8246.3493,8255.4257,8125.1140,8125.1140,8285.3853,478722600,14823407286.0000,3,0.966309,1,-1.934386,0
2024-04-09,8117.5529,8308.2741,8066.6250,8307.4504,8125.1140,522295500,15835550420.0000,3,1.054261,1,2.244109,0
2024-04-10,8299.7473,8339.0956,8195.9153,8217.8483,8307.4504,479051500,13937511435.0000,3,0.966973,1,-1.078575,0
2024-04-11,8208.0205,8279.2715,8186.8969,8201.1470,8217.8483,490104600,15368247372.0000,3,0.989283,1,-0.203232,0
2024-04-12,8227.2698,8258.9518,8158.2877,8169.3692,8201.1470,470703100,14554864078.0000,3,0.950121,1,-0.387480,0
2024-04-15,8146.8024,8292.3308,8108.3006,8224.9541,8169.3692,570243700,17049005773.0000,3,1.151019,1,0.680406,0
2024-04-16,8202.6683,8262.6713,8071.5802,8077.6395,8224.9541,644599500,17332704772.0000,3,1.301104,1,-1.791069,0
2024-04-17,8090.3856,8192.5070,8051.7749,8192.5070,8077.6395,622475200,17677826360.0000,3,1.256447,1,1.422043,0
2024-04-18,8202.2060,8304.5221,8173.0970,8179.9763,8192.5070,608125300,18555715656.0000,3,1.227339,1,-0.152953,0
2024-04-19,8137.9739,8184.3498,8072.0148,8134.9090,8179.9763,499297200,15020461006.0000,3,1.007698,1,-0.550947,0
2024-04-22,8133.2423,8282.7555,8123.1305,8198.1606,8134.9090,533862100,15185621435.0000,3,1.077458,1,0.777533,0
2024-04-23,8182.8693,8256.2837,8081.3360,8214.0530,8198.1606,579341200,17825052113.0000,3,1.169246,1,0.193853,0
2024-04-24,8215.6003,8219.2262,8140.0308,8198.4996,8214.0530,486137600,14272546493.0000,3,0.981139,1,-0.189351,0
2024-04-25,8176.6172,8331.0934,8171.8116,8252.3288,8198.4996,489359500,14631217864.0000,3,0.987642,1,0.656574,0
2024-04-26,8208.0374,8386.6583,8205.6115,8374.2751,8252.3288,707065800,22083861627.0000,3,1.426998,1,1.477720,0
2024-04-29,8372.8755,8548.7734,8372.5956,8509.4727,8374.2751,753878100,22943299230.0000,3,1.521385,1,1.614439,0
2024-04-30,8484.8660,8585.6405,8471.4453,8531.7247,8509.4727,654071000,19125868979.0000,3,1.320233,1,0.261497,0
2024-05-06,8624.3767,8798.6558,8614.2374,8779.8257,8531.7247,819321500,24971067701.0000,3,1.653789,1,2.907982,0
2024-05-07,8778.2342,8838.6080,8756.0326,8830.4458,8779.8257,543463500,16649771389.0000,3,1.096973,1,0.576550,0
2024-05-08,8834.0910,8871.1447,8757.5430,8775.6959,8830.4458,531510700,15827249984.0000,3,1.072846,1,-0.620013,0
2024-05-09,8777.4612,8927.4952,8734.0230,8894.6466,8775.6959,564983600,16673420734.0000,3,1.140410,1,1.355456,0
2024-05-10,8902.9277,8907.3654,8755.0382,8769.1296,8894.6466,469658600,14649686577.0000,3,0.947998,1,-1.411152,0
2024-05-13,8776.0863,8801.0842,8682.1132,8733.1970,8769.1296,679592300,23170657473.0000,3,1.371656,1,-0.409762,0
2024-05-14,8727.2995,8865.1996,8723.8357,8825.9554,8733.1970,707294500,21450373955.0000,3,1.426553,1,1.062136,0
2024-05-15,8804.0063,8804.6410,8672.3729,8675.2515,8825.9554,484156800,15128525040.0000,3,0.976503,1,-1.707508,0
2024-05-16,8692.6306,8703.4203,8590.0250,8613.5138,8675.2515,476340500,14996467075.0000,3,0.960645,1,-0.711653,0
2024-05-17,8610.7307,8640.5085,8508.8027,8595.9869,8613.5138,471793400,14992781257.0000,3,0.951475,1,-0.203481,0
2024-05-20,8588.1625,8640.2119,8562.1742,8605.1350,8595.9869,456799900,14642565055.0000,3,0.921237,1,0.106423,0
2024-05-21,8598.5360,8598.5360,8480.2171,8504.9820,8605.1350,399379800,12761738057.0000,3,0.805436,1,-1.163875,0
2024-05-22,8508.7317,8535.8018,8411.2010,8436.1674,8504.9820,381083200,11490795363.0000,3,0.768537,1,-0.809109,0
2024-05-23,8423.0628,8425.8623,8300.0218,8319.1179,8436.1674,380170900,10861310522.0000,3,0.766697,1,-1.387472,0
2024-05-24,8304.9515,8355.8321,8251.6680,8253.0995,8319.1179,346566900,10221499382.0000,3,0.699231,1,-0.793575,0
2024-05-27,8265.5952,8320.3768,8180.2099,8317.5484,8253.0995,411653900,12689644756.0000,3,0.830550,1,0.780905,0
2024-05-28,8305.1536,8305.1536,8203.1214,8217.1392,8317.5484,338478300,10580790406.0000,3,0.682912,1,-1.207197,0
2024-05-29,8194.2297,8230.8332,8149.7786,8174.5047,8217.1392,292036800,8278458311.0000,3,0.589212,1,-0.518848,0
2024-05-30,8159.3159,8205.8857,8097.9242,8134.5788,8174.5047,316940400,9271627018.0000,3,0.639457,1,-0.488420,0
2024-05-31,8161.3054,8217.0148,8115.6203,8117.2049,8134.5788,319250600,9784796759.0000,3,0.644118,1,-0.213581,0
2024-06-03,8097.8323,8168.5992,8028.9658,8070.9693,8117.2049,468680100,13602661282.0000,3,0.945606,1,-0.569600,0
2024-06-04,8069.0922,8237.6038,8057.5086,8221.2595,8070.9693,471076400,14228449397.0000,3,0.950450,1,1.862108,0
2024-06-05,8211.7556,8305.3116,8174.8300,8174.8300,8221.2595,356697800,10687558254.0000,3,0.718470,1,-0.564749,0
2024-06-06,8186.6312,8226.1614,8074.9620,8087.9968,8174.8300,407999300,11972926602.0000,3,0.821803,1,-1.062202,0
2024-06-07,8123.1055,8142.3800,8006.3506,8034.1580,8087.9968,360611200,10524044489.0000,3,0.723415,1,-0.665663,0
2024-06-11,8024.1590,8136.1597,7975.3685,8115.2042,8034.1580,359737000,11006625187.0000,3,0.721661,1,1.008770,0
2024-06-12,8113.4129,8161.8982,8060.4562,8071.0812,8115.2042,501069600,16787251144.0000,3,1.005185,1,-0.543708,0
2024-06-13,8074.8572,8074.8572,7945.0966,7959.2751,8071.0812,515777400,16692503580.0000,3,1.034690,1,-1.385268,0
2024-06-14,7945.5421,7954.4815,7841.8543,7905.8890,7959.2751,586627000,20470434969.0000,3,1.176820,1,-0.670741,0
2024-06-17,7857.0191,7928.1029,7841.0967,7897.4667,7905.8890,423678200,13761452671.0000,3,0.843260,1,-0.106532,0
2024-06-18,7894.3147,7919.8212,7830.2041,7847.4606,7897.4667,433881400,13562864142.0000,3,0.863568,1,-0.633192,0
2024-06-19,7848.0185,7850.8214,7748.8758,7748.8758,7847.4606,369893600,11241796541.0000,3,0.736211,1,-1.256264,0
2024-06-20,7741.1664,7795.4514,7594.2457,7611.9979,7748.8758,513614700,14519573100.0000,3,1.015602,1,-1.766423,0
2024-06-21,7592.6999,7697.9952,7573.6372,7647.0027,7611.9979,409093100,12177545029.0000,3,0.808925,1,0.459864,0
2024-06-24,7599.5312,7614.7746,7470.0745,7475.7145,7647.0027,470668600,13555305047.0000,3,0.930387,1,-2.239939,0
2024-06-25,7483.4312,7520.7522,7378.4608,7417.3751,7475.7145,371598200,11007461898.0000,3,0.734551,1,-0.780386,0
2024-06-26,7412.0139,7569.8277,7391.9363,7567.1936,7417.3751,400764000,11461995202.0000,3,0.792204,1,2.019832,0
2024-06-27,7538.1931,7538.7844,7377.7738,7384.3150,7567.1936,412912700,11028835879.0000,3,0.813407,1,-2.416729,0
2024-06-28,7372.7085,7458.5067,7303.2029,7325.8880,7384.3150,409045500,11168069964.0000,3,0.805786,1,-0.791231,0
2024-07-01,7308.5689,7421.5312,7249.6484,7399.5900,7325.8880,419620000,11235930676.0000,3,0.826616,1,1.006049,0
2024-07-02,7408.0106,7420.1153,7302.1730,7327.6293,7399.5900,360767700,10235298744.0000,3,0.710650,1,-0.972496,0
2024-07-03,7314.1902,7320.2184,7211.6803,7217.3291,7327.6293,390250300,11507056176.0000,3,0.768726,1,-1.505264,0
2024-07-04,7209.2253,7225.4234,7049.5142,7072.9144,7217.3291,416370500,10459703880.0000,3,0.724710,1,-2.000944,0
2024-07-05,7063.3096,7325.5948,7030.3169,7306.0701,7072.9144,517892100,13765053644.0000,3,1.017585,1,3.296459,0
2024-07-08,7292.9311,7297.1349,7085.1516,7109.6448,7306.0701,435247000,11707023030.0000,3,0.855199,1,-2.688522,0
2024-07-09,7101.0320,7163.9775,7006.4001,7134.8444,7109.6448,464950300,12379927008.0000,3,0.913562,1,0.354442,0
2024-07-10,7109.2347,7167.2895,7067.4011,7085.9048,7134.8444,408335300,11457623612.0000,3,0.802322,1,-0.685924,0
2024-07-11,7172.3106,7257.2496,7109.4395,7216.7828,7085.9048,551300100,14483958805.0000,3,1.083227,1,1.847019,0
2024-07-12,7215.2199,7283.3246,7197.3214,7240.4761,7216.7828,419116800,10997840508.0000,3,0.823503,1,0.328308,0
2024-07-15,7213.8042,7220.8637,7134.5546,7172.2113,7240.4761,407207500,9873878311.0000,3,0.800101,1,-0.942822,0
2024-07-16,7160.7460,7185.9113,7138.7350,7166.9844,7172.2113,385234100,9493180041.0000,3,0.756918,1,-0.072877,0
2024-07-17,7160.1190,7300.3122,7139.0770,7277.2439,7166.9844,476306400,13379399475.0000,3,0.935860,1,1.538436,0
2024-07-18,7246.4698,7375.4338,7207.2098,7371.9228,7277.2439,471480400,13151675340.0000,3,0.926377,1,1.301027,0
2024-07-19,7343.4641,7439.4675,7329.0714,7396.5436,7371.9228,401161800,11840642371.0000,3,0.788213,1,0.333981,0
2024-07-22,7382.8241,7496.4052,7361.1167,7461.0484,7396.5436,428548900,12916869071.0000,3,0.842024,1,0.872094,0
2024-07-23,7454.8896,7454.8896,7174.0784,7174.0784,7461.0484,497791100,13506224597.0000,3,0.978073,1,-3.846242,0
2024-07-24,7158.9472,7207.6585,7058.9971,7072.4712,7174.0784,367121200,9847414747.0000,3,0.721330,1,-1.416310,0
2024-07-25,7039.4398,7144.7607,7009.1148,7071.2856,7072.4712,336744100,9726070793.0000,3,0.661644,1,-0.016764,0
2024-07-26,7074.2809,7132.8390,7033.4275,7097.7448,7071.2856,316703500,8879888491.0000,3,0.621900,1,0.374178,0
2024-07-29,7090.2079,7090.2079,6961.4518,6967.3110,7097.7448,422889400,10430246468.0000,3,0.830413,1,-1.837679,0
2024-07-30,6962.3565,6986.3883,6887.4349,6938.4779,6967.3110,427289400,12352704541.0000,3,0.839053,1,-0.413834,0
2024-07-31,6921.7792,7285.3642,6898.0180,7282.0889,6938.4779,716341300,18335170192.0000,3,1.406654,1,4.952253,0
2024-08-01,7291.8044,7366.3049,7185.2648,7215.1113,7282.0889,508489700,13157630023.0000,3,0.998504,1,-0.919758,0
2024-08-02,7190.9751,7401.3382,7185.2077,7251.3521,7215.1113,570176000,15291514002.0000,3,1.119635,1,0.502290,0
2024-08-05,7247.2212,7448.4099,7234.3194,7246.5443,7251.3521,686872400,17389075268.0000,3,1.348775,1,-0.066302,0
2024-08-06,7290.3809,7388.8074,7259.4932,7354.9190,7246.5443,556217400,14529096609.0000,3,1.092215,1,1.495536,0
2024-08-07,7332.6682,7339.4229,7247.8404,7284.4209,7354.9190,407599800,10514167837.0000,3,0.800382,1,-0.958516,0
2024-08-08,7270.7656,7379.4826,7261.9627,7317.1647,7284.4209,444005400,11157578737.0000,3,0.871870,1,0.449505,0
2024-08-09,7335.3748,7373.9898,7203.6182,7203.6182,7317.1647,421294200,10692047137.0000,3,0.827273,1,-1.551783,0
2024-08-12,7213.3230,7356.8194,7186.6554,7290.1815,7203.6182,510704900,12371796456.0000,3,1.002844,1,1.201664,0
2024-08-13,7288.8995,7288.8995,7179.3845,7247.4479,7290.1815,387210000,9742304245.0000,3,0.760344,1,-0.586180,0
2024-08-14,7240.9822,7240.9822,7112.2097,7135.9492,7247.4479,339830300,8523631411.0000,3,0.667307,1,-1.538455,0
2024-08-15,7133.0539,7246.9138,7090.7667,7173.2825,7135.9492,380862800,10014073498.0000,3,0.747880,1,0.523172,0
2024-08-16,7161.7707,7216.2693,7102.6885,7200.2191,7173.2825,352559800,9256906857.0000,3,0.692303,1,0.375513,0
2024-08-19,7196.0932,7266.6822,7136.2307,7139.5461,7200.2191,356610500,9331597091.0000,3,0.700257,1,-0.842655,0
2024-08-20,7121.9568,7121.9568,6971.0705,6996.7099,7139.5461,351926200,9342815067.0000,3,0.691059,1,-2.000634,0
2024-08-21,6979.0442,7008.6426,6925.8158,6932.4595,6996.7099,315632500,8612683260.0000,3,0.619791,1,-0.918294,0
2024-08-22,6932.7002,6963.5245,6849.0022,6859.7316,6932.4595,375976000,10969254313.0000,3,0.738269,1,-1.049092,0
2024-08-23,6849.9091,6895.0122,6815.9920,6851.2539,6859.7316,336495200,9187875596.0000,3,0.660744,1,-0.123586,0
2024-08-26,6828.4096,6864.6741,6781.9208,6822.5152,6851.2539,390778100,10248285194.0000,3,0.767334,1,-0.419466,0
2024-08-27,6822.3395,6882.8041,6808.7214,6840.6980,6822.5152,418514700,10694053287.0000,3,0.821798,1,0.266512,0
2024-08-28,6821.4012,6877.5820,6799.7996,6829.6475,6840.6980,336151600,8500104054.0000,3,0.660069,1,-0.161541,0
2024-08-29,6814.8613,6972.9030,6798.6195,6950.3611,6829.6475,409897200,10539591018.0000,3,0.804877,1,1.767494,0
2024-08-30,6958.0827,7104.1934,6910.1936,7004.4976,6950.3611,616831200,14779741609.0000,3,1.211214,1,0.778902,0
2024-09-02,6980.8667,6980.8667,6812.1284,6812.1284,7004.4976,622731300,14089642497.0000,3,1.222648,1,-2.746367,0
2024-09-03,6802.5847,6954.1057,6785.3462,6864.6832,6812.1284,473333400,11421583457.0000,3,0.929325,1,0.771489,0
2024-09-04,6854.3748,6974.8311,6849.3207,6900.4717,6864.6832,426971400,10537642189.0000,3,0.838300,1,0.521342,0
2024-09-05,6913.3135,7008.5509,6913.3135,6981.9244,6900.4717,378581400,9523168566.0000,3,0.743293,1,1.180393,0
2024-09-06,6998.2004,7006.1049,6868.4137,6875.9783,6981.9244,311174900,7544427552.0000,3,0.610949,1,-1.517434,0
2024-09-09,6878.2714,6940.7328,6824.9928,6843.4754,6875.9783,512046000,13116111991.0000,3,1.005327,1,-0.472702,0
2024-09-10,6844.0445,6846.9639,6676.3548,6746.8289,6843.4754,520021800,12634292663.0000,3,1.020986,1,-1.412243,0
2024-09-11,6708.2931,6785.4567,6683.3537,6782.0987,6746.8289,426235700,11446367847.0000,3,0.836851,1,0.522761,0
2024-09-12,6775.4630,6836.2221,6678.2091,6678.9871,6782.0987,487762100,12261005573.0000,3,0.957707,1,-1.520349,0
2024-09-13,6679.1180,6685.8266,6589.8208,6597.2379,6678.9871,511113600,13204803250.0000,3,1.003557,1,-1.223976,0
2024-09-18,6590.9775,6617.0936,6520.3028,6585.9643,6597.2379,396586900,9501756213.0000,3,0.778685,1,-0.170884,0
2024-09-19,6609.5583,6771.8476,6561.5548,6686.0312,6585.9643,549028200,12864288994.0000,3,1.077999,1,1.519396,0
2024-09-20,6677.4625,6677.4625,6580.8218,6627.5856,6686.0312,512408600,12521701980.0000,3,1.006097,1,-0.874145,0
2024-09-23,6654.0896,6687.2760,6551.3719,6553.2009,6627.5856,495649700,13166898497.0000,3,0.973192,1,-1.122350,0
2024-09-24,6590.9796,6802.9614,6535.6073,6802.3306,6553.2009,756017900,18777939833.0000,3,1.484416,1,3.801649,0
2024-09-25,6879.2017,7009.1352,6855.1872,6856.4646,6802.3306,870803900,22593269094.0000,3,1.709795,1,0.795815,0
2024-09-26,6840.1794,7201.5690,6819.1911,7201.5690,6856.4646,850487300,21992318227.0000,3,1.669904,1,5.033270,0
2024-09-27,7332.5947,7622.9822,7320.2103,7620.6579,7201.5690,778390000,21679038134.0000,3,1.528343,1,5.819411,0
2024-09-30,8018.7867,8452.4884,7886.1861,8415.8960,7620.6579,1686430300,51398726023.0000,3,3.311250,1,10.435295,0
2024-10-08,9442.1274,9442.1274,8580.1887,8997.2090,8415.8960,2090934800,71649839347.0000,3,4.105448,1,6.907322,0
2024-10-09,8798.1027,8870.1678,8288.7148,8336.9649,8997.2090,1532445700,51993703733.0000,3,3.008881,1,-7.338321,0
2024-10-10,8382.0194,8611.5079,8190.1015,8278.5357,8336.9649,1066611700,35462834993.0000,3,2.094239,1,-0.700845,0
2024-10-11,8267.8204,8267.8204,7818.9031,7904.5518,8278.5357,822994900,26178036099.0000,3,1.615909,1,-4.517513,0
2024-10-14,7939.9238,7989.2484,7709.6679,7955.5520,7904.5518,808353500,24525565522.0000,3,1.587162,1,0.645200,0
2024-10-15,7943.2834,8034.6755,7785.6168,7785.6168,7955.5520,722387600,21524398943.0000,3,1.418372,1,-2.136058,0
2024-10-16,7686.4656,7832.5184,7658.7483,7702.9888,7785.6168,589635600,17948737341.0000,3,1.157720,1,-1.061290,0
2024-10-17,7739.2106,7799.7209,7630.9168,7630.9168,7702.9888,568429800,16556515168.0000,3,1.115736,1,-0.935637,0
2024-10-18,7617.3365,8089.8677,7585.4013,7892.4159,7630.9168,918034000,28441108321.0000,3,1.801952,1,3.426837,0
2024-10-21,7930.5585,8089.2473,7832.4747,7985.5691,7892.4159,868812600,26730496800.0000,3,1.705339,1,1.180288,0
2024-10-22,7977.2739,8138.1670,7935.5193,8092.8903,7985.5691,769809700,22777106809.0000,3,1.511012,1,1.343939,0
2024-10-23,8096.6660,8152.6064,8028.1091,8079.0206,8092.8903,786426300,23872807395.0000,3,1.543628,1,-0.171381,0
2024-10-24,8061.0847,8121.5319,7995.1180,8008.4091,8079.0206,671656400,21794292783.0000,3,1.318353,1,-0.874011,0
2024-10-25,7989.8110,8126.4602,7921.1689,8094.6966,8008.4091,847152200,28113235490.0000,3,1.662743,1,1.077461,0
2024-10-28,8083.2835,8170.9625,8020.1928,8150.0314,8094.6966,844890200,24971187467.0000,3,1.658303,1,0.683593,0
2024-10-29,8169.7070,8182.9042,7943.4924,7959.3387,8150.0314,816951600,25039264206.0000,3,1.604220,1,-2.339779,0
2024-10-30,7912.1834,8030.6869,7814.6700,7875.4816,7959.3387,731324400,21939414931.0000,3,1.436075,1,-1.053569,0
2024-10-31,7848.2166,7907.2426,7788.9795,7835.9537,7875.4816,736604100,21418817189.0000,3,1.446279,1,-0.501911,0
2024-11-01,7803.0834,7928.5536,7745.7851,7835.6515,7835.9537,818110600,22934046749.0000,3,1.606312,1,-0.003857,0
2024-11-04,7857.9635,7954.7433,7841.8685,7931.3015,7835.6515,741938400,19909243643.0000,3,1.456752,1,1.220703,0
2024-11-05,7912.0416,8059.9924,7846.1984,8057.7949,7931.3015,1000298400,28267749422.0000,3,1.964027,1,1.594863,0
2024-11-06,8056.2277,8148.3924,7986.6263,8021.0501,8057.7949,1014789800,30034681067.0000,3,1.992474,1,-0.456016,0
2024-11-07,7955.7083,8270.4414,7941.4549,8270.4414,8021.0501,1056310100,31438515724.0000,3,2.073997,1,3.109210,0
2024-11-08,8350.7943,8385.1274,8207.6677,8245.3808,8270.4414,1034373800,31415378292.0000,3,2.030926,1,-0.303014,0
2024-11-11,8209.1401,8368.8167,8157.1534,8366.5365,8245.3808,939367500,29575895480.0000,3,1.844387,1,1.469377,0
2024-11-12,8382.4014,8672.2899,8382.4014,8461.7296,8366.5365,1395930500,42795594901.0000,3,2.740819,1,1.137784,0
2024-11-13,8439.4871,8534.3796,8278.5641,8379.9376,8461.7296,1026984000,28874076744.0000,3,2.016417,1,-0.966611,0
2024-11-14,8381.6036,8381.6036,8139.5936,8151.1003,8379.9376,830054700,23492683947.0000,3,1.629759,1,-2.730776,0
2024-11-15,8127.8687,8179.6392,8000.4350,8000.4350,8151.1003,711500300,20142231819.0000,3,1.396985,1,-1.848404,0
2024-11-18,8013.2923,8053.0816,7834.1305,7870.4964,8000.4350,721139300,19881213996.0000,3,1.416064,1,-1.624144,0
2024-11-19,7875.7571,7961.5304,7808.4828,7960.4622,7870.4964,574849700,15895324454.0000,3,1.128866,1,1.143077,0
2024-11-20,7947.8046,8197.2189,7938.5001,8165.7732,7960.4622,783608700,24991317539.0000,3,1.538818,1,2.579134,0
2024-11-21,8144.8538,8184.6846,8062.9459,8122.8570,8165.7732,542372700,16845751159.0000,3,1.065089,1,-0.525562,0
2024-11-22,8113.4718,8115.0572,7790.9100,7790.9100,8122.8570,712035300,20440878263.0000,3,1.398265,1,-4.086579,0
2024-11-25,7802.7200,7884.8655,7717.6935,7812.6123,7790.9100,571462500,16826438252.0000,3,1.122214,1,0.278559,0
2024-11-26,7796.3650,7918.4466,7765.2713,7773.9008,7812.6123,464907500,13477569634.0000,3,0.912966,1,-0.495500,0
2024-11-27,7763.0569,7926.7177,7704.3847,7922.6902,7773.9008,511625200,15681802821.0000,3,1.004708,1,1.913961,0
2024-11-28,7935.3060,7946.5727,7838.3455,7866.0987,7922.6902,502375200,14141218676.0000,3,0.986537,1,-0.714297,0
2024-11-29,7861.1748,8055.7294,7847.7371,7988.8292,7866.0987,634901800,19116238075.0000,3,1.246785,1,1.560246,0
2024-12-02,8005.4055,8107.7629,7980.6648,8080.1005,7988.8292,600571000,18173733120.0000,3,1.179331,1,1.142487,0
2024-12-03,8055.4903,8076.4473,7992.0633,8053.8844,8080.1005,523606200,16562086617.0000,3,1.028197,1,-0.324453,0
2024-12-04,8032.5227,8054.9540,7926.0819,7959.0661,8053.8844,482180300,14302485465.0000,3,0.946844,1,-1.177299,0
2024-12-05,7948.0837,7988.7748,7902.5403,7951.8677,7959.0661,426633500,13196349896.0000,3,0.837721,1,-0.090443,0
2024-12-06,7970.2832,8154.0242,7970.2832,8101.5546,7951.8677,672531500,21290638175.0000,3,1.320557,1,1.882412,0
2024-12-09,8164.3758,8196.4564,8037.2178,8065.0007,8101.5546,663947200,22532868308.0000,3,1.303701,1,-0.451196,0
2024-12-10,8281.5371,8291.6397,8093.5144,8107.8295,8065.0007,812486400,26963010753.0000,3,1.595367,1,0.531045,0
2024-12-11,8090.1520,8176.4533,8088.7355,8150.4121,8107.8295,576911300,18319559144.0000,3,1.132801,1,0.525203,0
2024-12-12,8148.8900,8238.7099,8112.3266,8235.0214,8150.4121,767554600,21928307772.0000,3,1.507141,1,1.038098,0
2024-12-13,8208.3099,8208.3099,8076.4201,8079.1916,8235.0214,784590300,26721630630.0000,3,1.540591,1,-1.892282,0
2024-12-16,8065.4332,8087.5839,7982.1080,8005.9917,8079.1916,594432700,17766923232.0000,3,1.034005,1,-0.906030,0
2024-12-17,7996.3414,8035.0050,7933.6671,7948.8494,8005.9917,517228100,14153013461.0000,3,0.899709,1,-0.713744,0
2024-12-18,7959.3725,7994.6866,7942.6925,7956.4996,7948.8494,384902300,10806954775.0000,3,0.000000,1,0.096243,0
2024-12-19,7897.0655,7965.4969,7876.8642,7952.5412,7956.4996,429913300,12133081193.0000,3,0.747827,1,-0.049751,0
2024-12-20,7948.5149,8022.3091,7937.1797,7974.8923,7952.5412,475662500,13645093265.0000,3,0.827407,1,0.281056,0
2024-12-23,7964.8378,7974.5831,7844.8796,7846.6591,7974.8923,509285000,14153254752.0000,3,0.885892,1,-1.607962,0
2024-12-24,7842.0615,7917.9386,7842.0615,7914.6137,7846.6591,424847500,11610612024.0000,3,0.739015,1,0.866032,0
2024-12-25,7948.2137,7966.5603,7808.4133,7843.9838,7914.6137,419265000,12211570284.0000,3,0.729304,1,-0.892399,0
2024-12-26,7830.2624,7848.5864,7787.0107,7794.0319,7843.9838,402300500,10797040326.0000,3,0.699780,1,-0.636818,0
2024-12-27,7794.6336,7885.2090,7761.4401,7843.2691,7794.0319,442304200,12067832742.0000,3,0.769364,1,0.631730,0
2024-12-30,7840.5709,7898.5431,7793.9975,7820.7209,7843.2691,425154100,12193273941.0000,3,0.739532,1,-0.287485,0
2024-12-31,7825.3111,7828.2141,7672.8674,7682.1165,7820.7209,524850200,14083402821.0000,3,0.912948,1,-1.772271,0
2025-01-02,7688.0761,7709.1568,7488.0478,7539.3812,7682.1165,594731400,16060403172.0000,3,1.034417,1,-1.858021,0
2025-01-03,7539.0330,7616.5983,7437.3352,7460.8700,7539.3812,524523400,13398356656.0000,3,0.912462,1,-1.041348,0
2025-01-06,7492.1552,7625.5645,7468.2521,7551.6649,7460.8700,590966900,14533142138.0000,3,1.028018,1,1.216948,0
2025-01-07,7526.5609,7526.5609,7365.2852,7440.8999,7551.6649,514270200,12120688699.0000,3,0.894600,1,-1.466763,0
2025-01-08,7431.3107,7450.5821,7278.6582,7391.1461,7440.8999,477613000,12097782532.0000,3,0.830833,1,-0.668653,0
2025-01-09,7361.0221,7423.4932,7305.1807,7341.3368,7391.1461,352746000,9098583287.0000,3,0.613620,1,-0.673905,0
2025-01-10,7341.7436,7373.2607,7235.9728,7235.9728,7341.3368,371771600,10295306642.0000,3,0.646716,1,-1.435215,0
2025-01-13,7197.7873,7297.9454,7189.2489,7255.3587,7235.9728,343931400,9424123590.0000,3,0.598287,1,0.267910,0
2025-01-14,7269.5091,7458.2610,7252.5423,7442.8464,7255.3587,495998200,13454787643.0000,3,0.862815,1,2.584127,0
2025-01-15,7435.6275,7435.6275,7350.7140,7366.3829,7442.8464,394873000,10477386848.0000,3,0.686902,1,-1.027342,0
2025-01-16,7384.0852,7491.1557,7356.4415,7391.2682,7366.3829,463188100,12488410528.0000,3,0.805740,1,0.337823,0
2025-01-17,7362.0595,7480.5627,7344.7763,7442.9015,7391.2682,432931500,11270378735.0000,3,0.753107,1,0.698572,0
2025-01-20,7488.8495,7577.3995,7475.8438,7494.2590,7442.9015,494091000,15142401740.0000,3,0.859497,1,0.690020,0
2025-01-21,7505.2334,7520.1952,7406.0573,7464.3070,7494.2590,444259600,12978456358.0000,3,0.772810,1,-0.399666,0
2025-01-22,7439.6058,7466.9366,7374.8614,7448.4335,7464.3070,367479200,10041174182.0000,3,0.639247,1,-0.212659,0
2025-01-23,7492.2307,7540.3237,7440.7510,7440.7510,7448.4335,435399000,11254918188.0000,3,0.757397,1,-0.103142,0
2025-01-24,7413.8647,7486.4111,7391.3621,7456.6510,7440.7510,467509900,12968890859.0000,3,0.813255,1,0.213688,0
2025-01-27,7479.4383,7574.4418,7479.4383,7488.8328,7456.6510,430482600,10896668183.0000,3,0.748845,1,0.431585,0
2025-02-05,7542.1338,7547.0252,7476.2662,7514.3723,7488.8328,478981700,13009108740.0000,3,0.833211,1,0.341034,0
2025-02-06,7503.1995,7585.1020,7453.9857,7584.0385,7514.3723,520626000,14646202849.0000,3,0.905653,1,0.927106,0
2025-02-07,7582.4273,7723.5272,7565.6497,7677.4695,7584.0385,685484200,19270011769.0000,3,1.192428,1,1.231943,0
2025-02-10,7688.4335,7791.4211,7660.7565,7782.8704,7677.4695,695877300,19132557532.0000,3,1.210507,1,1.372860,0
2025-02-11,7790.8484,7791.7860,7702.9821,7759.2967,7782.8704,580420100,16289214567.0000,3,1.009665,1,-0.302892,0
2025-02-12,7732.7817,7804.1925,7709.7215,7775.6945,7759.2967,526107600,14653369988.0000,3,0.915186,1,0.211331,0
2025-02-13,7768.8342,7813.5798,7757.3929,7764.6330,7775.6945,580835000,15668455553.0000,3,1.010387,1,-0.142257,0
2025-02-14,7764.5456,7959.0057,7764.5456,7921.5922,7764.6330,818746900,24022561841.0000,3,1.424244,1,2.021463,0
2025-02-17,7981.5370,8040.6773,7874.2556,7918.2458,7921.5922,975628200,28418077589.0000,3,1.697146,1,-0.042244,0
2025-02-18,7880.3279,7920.2562,7755.6641,7787.3231,7918.2458,683167900,19186009384.0000,3,1.188399,1,-1.653431,0
2025-02-19,7773.4704,7859.5980,7721.2819,7844.1737,7787.3231,627025800,18139148359.0000,3,1.090737,1,0.730040,0
2025-02-20,7842.2080,8014.0241,7842.2080,7943.3784,7844.1737,769077600,23741846686.0000,3,1.337842,1,1.264693,0
2025-02-21,7944.3887,8026.0234,7871.0023,8000.7514,7943.3784,821365700,27063167821.0000,3,1.429038,1,0.722275,0
2025-02-24,8001.6812,8016.5644,7899.0281,7936.0812,8000.7514,718302700,23958020507.0000,3,1.249726,1,-0.808302,0
2025-02-25,7861.9172,7906.4823,7833.6049,7855.3872,7936.0812,662563200,20779522966.0000,3,1.152755,1,-1.016799,0
2025-02-26,7859.6704,7951.0328,7813.6591,7943.1695,7855.3872,625148100,19826837747.0000,3,1.087658,1,1.117479,0
2025-02-27,7931.1373,7984.1411,7886.3351,7964.3425,7943.1695,621936500,19161716686.0000,3,1.082071,1,0.266556,0
2025-02-28,7953.1268,8031.3904,7824.3061,7846.8147,7964.3425,701392900,21744279373.0000,3,1.220312,1,-1.475675,0
2025-03-03,7852.1620,8019.5949,7848.6813,7909.7053,7846.8147,708362700,20429681431.0000,3,1.232438,1,0.801479,0
2025-03-04,7864.3672,7982.1667,7852.8616,7963.3963,7909.7053,491282400,15596277939.0000,3,0.854753,1,0.678799,0
2025-03-05,7962.3249,7969.3495,7877.2657,7924.3527,7963.3963,468252400,14056929960.0000,3,0.814682,1,-0.490288,0
2025-03-06,7942.1514,8067.5181,7927.7009,8043.7327,7924.3527,627918000,19674408466.0000,3,1.092473,1,1.506495,0
2025-03-07,8033.2075,8033.2075,7933.2231,7957.6150,8043.7327,535986400,16731335235.0000,3,0.932528,1,-1.070619,0
2025-03-10,8042.3483,8072.6308,7954.1282,8029.2765,7957.6150,603011900,17723901938.0000,3,0.000000,1,0.900540,0
2025-03-11,7960.4349,8038.8892,7953.4136,8038.8892,8029.2765,680841400,18590716837.0000,3,1.185474,1,0.119721,0
2025-03-12,8049.3314,8103.3824,7983.7385,7985.8871,8038.8892,608135500,16438343188.0000,3,1.058879,1,-0.659321,0
2025-03-13,7981.0733,8006.5666,7918.4668,7976.2949,7985.8871,637550600,16150044550.0000,3,1.110097,1,-0.120114,0
2025-03-14,7965.8772,8105.5244,7950.0563,8102.7043,7976.2949,867361800,25806517018.0000,3,1.510242,1,1.584814,0
2025-03-17,8129.5288,8139.8265,8081.1821,8106.4330,8102.7043,610504300,18342720315.0000,3,1.063004,1,0.046018,0
2025-03-18,8139.3665,8205.5423,8110.5798,8160.2072,8106.4330,649746600,22446013674.0000,3,1.131332,1,0.663352,0
2025-03-19,8132.2584,8197.2250,8129.4481,8158.1009,8160.2072,567240600,18400292826.0000,3,0.987674,1,-0.025812,0
2025-03-20,8150.5479,8152.9828,8072.7990,8077.9742,8158.1009,538548300,16558385154.0000,3,0.937715,1,-0.982173,0
2025-03-21,8094.3387,8117.8871,7936.3850,7967.1193,8077.9742,655727700,18795510601.0000,3,1.141746,1,-1.372311,0
2025-03-24,7949.1298,7987.4091,7864.8155,7931.2440,7967.1193,530832200,14568120531.0000,3,0.924280,1,-0.450292,0
2025-03-25,7934.8880,8011.7339,7921.2615,7985.0906,7931.2440,443577300,12143940758.0000,3,0.772352,1,0.678917,0
2025-03-26,7966.7071,8003.9086,7937.2136,7958.3252,7985.0906,420771000,12291769672.0000,3,0.732642,1,-0.335192,0
2025-03-27,7950.4157,8113.3843,7888.0157,8102.7468,7958.3252,650400500,19544797959.0000,3,1.132471,1,1.814724,0
2025-03-28,8092.1087,8198.4747,8067.6343,8070.3766,8102.7468,684968000,19695561904.0000,3,1.192659,1,-0.399497,0
2025-03-31,8038.6600,8082.8988,7924.6528,7988.2581,8070.3766,630283000,17710232458.0000,3,1.097428,1,-1.017530,0
2025-04-01,8003.3968,8296.1463,8002.9116,8217.4931,7988.2581,994602700,29628558481.0000,3,1.731725,1,2.869649,0
2025-04-02,8201.3112,8263.3613,8172.5337,8193.7847,8217.4931,557675700,17537710712.0000,3,0.970982,1,-0.288511,0
2025-04-03,8134.2362,8241.6910,8109.2327,8166.1106,8193.7847,559747600,17217539505.0000,3,0.974589,1,-0.337745,0
2025-04-07,7788.6142,7939.3284,7388.3867,7572.2847,8166.1106,1186427700,34510889853.0000,3,2.065716,1,-7.271833,0
2025-04-08,7596.1553,7732.7943,7567.5429,7693.0606,7572.2847,1077767100,33158098375.0000,3,1.849075,1,1.594973,0
2025-04-09,7566.7018,7727.8521,7389.3908,7719.4749,7693.0606,976281500,29764962459.0000,3,1.674961,1,0.343352,0
2025-04-10,7814.3850,7934.0971,7791.1304,7858.7440,7719.4749,793833800,24458782914.0000,3,1.361944,1,1.804127,0
2025-04-11,7813.8053,7929.1315,7795.2014,7887.7156,7858.7440,646360900,19229499032.0000,3,1.108931,1,0.368654,0
2025-04-14,7914.3133,7978.4164,7884.1218,7909.1816,7887.7156,603740500,18386038549.0000,3,1.035809,1,0.272145,0
2025-04-15,7908.4088,7923.6435,7825.0673,7923.6059,7909.1816,551010100,15367210153.0000,3,0.945342,1,0.182374,0
2025-04-16,7892.4517,7896.5021,7768.5384,7862.8869,7923.6059,560830200,15940684484.0000,3,0.962190,1,-0.766305,0
2025-04-17,7808.9090,7882.1331,7804.9296,7844.0497,7862.8869,398834700,11803451714.0000,3,0.684262,1,-0.239571,0
2025-04-18,7821.5512,7876.9943,7770.6597,7791.2470,7844.0497,372129300,10098731965.0000,3,0.638386,1,-0.673156,0
2025-04-21,7774.1836,7894.2028,7746.7208,7884.3072,7791.2470,404401700,12039334764.0000,3,0.693749,1,1.194420,0
2025-04-22,7877.9698,7994.5780,7872.2944,7965.1033,7884.3072,565869600,17438783481.0000,3,0.970746,1,1.024771,0
2025-04-23,7953.8533,7975.7512,7855.0196,7862.7255,7965.1033,576977800,17941654990.0000,3,0.989802,1,-1.285329,0
2025-04-24,7861.5101,7927.0744,7822.8027,7846.3790,7862.7255,525165000,15105974231.0000,3,0.900917,1,-0.207899,0
2025-04-25,7884.4468,7890.2916,7772.8668,7808.5753,7846.3790,619924300,17899016240.0000,3,1.063474,1,-0.481798,0
2025-04-28,7773.5939,7847.9674,7741.7667,7825.9987,7808.5753,567983300,16959415315.0000,3,0.974189,1,0.223132,0
2025-04-29,7800.3530,7879.9616,7795.9640,7856.4053,7825.9987,686064800,18361015125.0000,3,1.176719,1,0.388533,0
2025-04-30,7840.3922,7931.7796,7840.3922,7911.9623,7856.4053,707120700,19228258182.0000,3,1.212834,1,0.707155,0
2025-05-06,7937.5744,7963.7778,7887.7729,7950.5819,7911.9623,676459600,18293267666.0000,3,1.160244,1,0.488117,0
2025-05-07,7996.6654,8019.0515,7868.7022,7923.1331,7950.5819,661025300,19509143722.0000,3,1.133772,1,-0.345243,0
2025-05-08,7899.7320,7970.1575,7888.7176,7947.3916,7923.1331,514063200,14677320101.0000,3,0.881707,1,0.306173,0
2025-05-09,7948.9589,7980.5518,7928.2702,7935.4723,7947.3916,505508400,14779908924.0000,3,0.867034,1,-0.149978,0
2025-05-12,7927.1919,7927.1919,7838.0315,7900.5464,7935.4723,604912600,19177160680.0000,3,1.037529,1,-0.440124,0
2025-05-13,7946.8918,7997.8947,7931.8358,7979.5139,7900.5464,613995700,17474283641.0000,3,1.053108,1,0.999519,0
2025-05-14,7966.6321,7984.7575,7905.3538,7955.0568,7979.5139,542810100,16346035856.0000,3,0.931013,1,-0.306499,0
2025-05-15,7945.1503,7949.0403,7900.4968,7903.8416,7955.0568,478934700,14446284504.0000,3,0.821455,1,-0.643807,0
2025-05-16,7902.3399,7966.6917,7875.8452,7957.4504,7903.8416,488336700,13230920838.0000,3,0.837581,1,0.678263,0
2025-05-19,7961.6726,7975.5024,7887.4840,7923.3549,7957.4504,422922500,11975944044.0000,3,0.725385,1,-0.428473,0
2025-05-20,7950.9129,8033.4509,7950.9129,8015.7495,7923.3549,590145300,17026886017.0000,3,1.012201,1,1.166105,0
2025-05-21,8007.0177,8087.9477,8005.8150,8051.3344,8015.7495,605076000,17459474686.0000,3,1.037809,1,0.443937,0
2025-05-22,8031.0448,8034.3818,7956.8502,7976.3981,8051.3344,498655900,14894276394.0000,3,0.855281,1,-0.930731,0
2025-05-23,7996.0214,8089.8718,7988.2164,7988.2164,7976.3981,787546200,21566270372.0000,3,1.350777,1,0.148166,0
2025-05-26,7989.4302,8013.3875,7905.8839,7937.4299,7988.2164,568373500,15793664728.0000,3,0.974855,1,-0.635768,0
2025-05-27,7942.8877,8016.1663,7929.1348,7981.5458,7937.4299,547285100,14485548909.0000,3,0.938685,1,0.555796,0
2025-05-28,7980.8172,8015.6069,7960.0877,7982.5438,7981.5458,468231400,13376748483.0000,3,0.803095,1,0.012504,0
2025-05-29,7982.3165,8152.0532,7964.5353,8145.1894,7982.5438,680474500,19692594245.0000,3,1.167127,1,2.037516,0
2025-05-30,8133.4505,8242.0470,8132.9883,8166.9691,8145.1894,791978400,21669939804.0000,3,1.358371,1,0.267393,0
2025-06-03,8141.2916,8259.2381,8140.7730,8237.4552,8166.9691,845510900,22906876505.0000,3,1.450188,1,0.863063,0
2025-06-04,8229.0003,8274.5537,8192.6843,8266.9441,8237.4552,672540500,18982068839.0000,3,1.153513,1,0.357986,0
2025-06-05,8283.8154,8290.7525,8190.9182,8224.1844,8266.9441,697020000,19688822030.0000,3,1.195499,1,-0.517237,0
2025-06-06,8224.3406,8246.4827,8166.3309,8201.0979,8224.1844,624287300,18456990728.0000,3,1.070751,1,-0.280715,0
2025-06-09,8210.2866,8414.1883,8203.7567,8326.1635,8201.0979,917973600,26739540672.0000,3,1.574469,1,1.524986,0
2025-06-10,8331.7188,8403.3173,8256.2067,8340.4329,8326.1635,888287500,25265405596.0000,3,1.523553,1,0.171380,0
2025-06-11,8341.4674,8393.3284,8313.5368,8325.9468,8340.4329,670187300,19114447110.0000,3,1.149477,1,-0.173685,0
2025-06-12,8319.2539,8447.5942,8311.7426,8440.7439,8325.9468,758735200,23897447985.0000,3,1.301350,1,1.378787,0
2025-06-13,8404.0651,8435.8085,8224.1439,8257.4929,8440.7439,928078800,30506681833.0000,3,1.591793,1,-2.171029,0
2025-06-16,8255.9841,8299.3140,8190.5646,8211.9050,8257.4929,721207600,22224261067.0000,3,1.316725,1,-0.552079,0
2025-06-17,8230.9440,8280.5308,8084.4276,8105.4093,8211.9050,749499800,23426404780.0000,3,1.368379,1,-1.296845,0
2025-06-18,8068.3758,8072.6477,7997.3174,8031.7005,8105.4093,588935600,16989513249.0000,3,1.075233,1,-0.909378,0
2025-06-19,8021.2050,8051.0647,7909.4427,7933.7008,8031.7005,519337400,15018427857.0000,3,0.946422,1,-1.220161,0
2025-06-20,7933.8897,7959.9232,7919.3827,7929.4528,7933.7008,428769500,12875868525.0000,3,0.781375,1,-0.053544,0
2025-06-23,7902.7442,7974.3754,7868.0969,7959.2843,7929.4528,527681300,15559292742.0000,3,0.961628,1,0.376211,0
2025-06-24,7968.8987,8040.8194,7968.8987,8033.3916,7959.2843,568853000,17217412106.0000,3,1.036956,1,0.931080,0
2025-06-25,8049.8734,8090.4928,8006.8896,8087.7997,8033.3916,564846600,16914528930.0000,3,1.029653,1,0.677274,0
2025-06-26,8068.4141,8068.4141,7989.0145,8015.9083,8087.7997,504226500,15645612900.0000,3,0.919246,1,-0.888887,0
2025-06-27,8006.4800,8056.9029,8001.3794,8018.5781,8015.9083,477004700,14544710262.0000,3,0.869618,1,0.033306,0
2025-06-30,7998.6967,8063.3674,7959.8424,8058.9489,8018.5781,591265900,18320361082.0000,3,1.077921,1,0.503466,0
2025-07-01,8059.1291,8167.6596,8054.9172,8166.9197,8058.9489,641082500,19420482984.0000,3,1.168740,1,1.339763,0
2025-07-02,8162.7639,8192.5051,8085.3104,8101.6267,8166.9197,561792600,16412009992.0000,3,1.024189,1,-0.799481,0
2025-07-03,8099.7875,8191.6881,8099.7875,8184.6928,8101.6267,600202100,17217427394.0000,3,1.094212,1,1.025301,0
2025-07-04,8184.3390,8250.1303,8156.8265,8208.2610,8184.6928,703441700,19290255967.0000,3,1.282425,1,0.287955,0
2025-07-07,8212.7886,8242.6195,8126.8276,8146.4614,8208.2610,554860200,16345186418.0000,3,1.011457,1,-0.752895,0
2025-07-08,8134.6942,8220.2368,8134.6942,8179.0356,8146.4614,561713400,16303252391.0000,3,1.023950,1,0.399857,0
2025-07-09,8167.1036,8241.5766,8140.4127,8195.0042,8179.0356,667822500,21923315469.0000,3,1.217376,1,0.195238,0
2025-07-10,8198.3063,8259.0626,8188.7617,8232.0563,8195.0042,622060500,20279367356.0000,3,1.133956,1,0.452130,0
2025-07-11,8236.9103,8348.9691,8236.9103,8299.0675,8232.0563,779357800,26286726034.0000,3,1.420694,1,0.814027,0
2025-07-14,8291.8940,8345.1641,8279.1434,8331.6181,8299.0675,680397900,22397829898.0000,3,1.240300,1,0.392220,0
2025-07-15,8308.4631,8371.9473,8249.4997,8358.4288,8331.6181,806854300,24686195136.0000,3,1.470818,1,0.321795,0
2025-07-16,8356.4870,8445.2203,8353.0572,8441.8989,8358.4288,796792300,22230651569.0000,3,1.452476,1,0.998634,0
2025-07-17,8439.1807,8543.1799,8428.2010,8542.2072,8441.8989,709592800,23551601891.0000,3,1.293519,1,1.188220,0
2025-07-18,8534.3543,8599.0398,8490.6852,8596.5762,8542.2072,672259200,23564970883.0000,3,1.225464,1,0.636475,0
2025-07-21,8562.8978,8570.9635,8479.1340,8563.0783,8596.5762,707734600,24294274796.0000,3,1.290132,1,-0.389666,0
2025-07-22,8543.3188,8683.7156,8543.3188,8617.9232,8563.0783,794539700,26694759990.0000,3,1.448369,1,0.640481,0
2025-07-23,8606.8452,8736.6599,8605.1380,8636.8294,8617.9232,894418900,29211702437.0000,3,1.630440,1,0.219382,0
2025-07-24,8636.3438,8793.5713,8617.0219,8787.4105,8636.8294,889561200,30020599599.0000,3,1.621584,1,1.743477,0
2025-07-25,8791.3285,8878.7063,8750.4286,8753.9697,8787.4105,886558300,30901210835.0000,3,1.615985,1,-0.380554,0
2025-07-28,8788.6756,8870.2445,8776.4544,8849.1062,8753.9697,963814000,35307630572.0000,3,1.756804,1,1.086781,0
2025-07-29,8876.1773,9002.4585,8784.6586,9001.1615,8849.1062,1213644400,45975412453.0000,3,2.212185,1,1.718313,0
2025-07-30,8961.5142,9128.2663,8919.7320,8998.3697,9001.1615,1465164700,49748132329.0000,3,2.670647,1,-0.031016,0
2025-07-31,8969.3020,9048.5264,8848.0645,8875.3826,8998.3697,1168249600,42638044948.0000,3,2.129441,1,-1.366771,0
2025-08-01,8879.9616,9053.9761,8841.7739,8904.9044,8875.3826,1071616200,37666163444.0000,3,1.953302,1,0.332626,0
2025-08-04,8875.3663,8901.3546,8717.6095,8900.8335,8904.9044,1024336400,35020968027.0000,3,1.867122,1,-0.045715,0
2025-08-05,8910.8622,8959.5185,8853.5464,8923.3326,8900.8335,777643400,27037032684.0000,3,1.417459,1,0.252775,0
2025-08-06,8939.3060,9006.7487,8886.5271,8937.1492,8923.3326,883435900,30645899099.0000,3,1.610294,1,0.154837,0
2025-08-07,8923.7773,8988.7106,8799.0630,8825.3358,8937.1492,859505900,30697982950.0000,3,1.566675,1,-1.251108,0
2025-08-08,8808.8168,8866.2181,8728.8709,8829.1480,8825.3358,640966600,23711807315.0000,3,1.168330,1,0.043196,0
2025-08-11,8819.2901,8967.7706,8816.4347,8951.6031,8829.1480,667100100,24647136129.0000,3,1.215965,1,1.386941,0
2025-08-12,8956.6820,9002.8169,8869.2351,8922.9339,8951.6031,723053300,25642203121.0000,3,1.317954,1,-0.320269,0
2025-08-13,8924.4728,9044.7287,8893.7768,9031.3610,8922.9339,933244200,37567624859.0000,3,1.701082,1,1.215151,0
2025-08-14,9024.2054,9041.6498,8904.4577,8911.3382,9031.3610,884442400,34168730941.0000,3,1.612128,1,-1.328956,0
2025-08-15,8889.9033,9007.3069,8864.5215,8990.2901,8911.3382,801321300,29471233066.0000,3,1.460618,1,0.885971,0
2025-08-18,9017.7248,9115.5703,9008.1615,9096.9098,8990.2901,1059745100,38356104493.0000,3,1.931664,1,1.185943,0
2025-08-19,9102.8608,9237.0298,9021.0005,9030.6000,9096.9098,1109536800,46037519266.0000,3,2.022422,1,-0.728927,0
2025-08-20,9011.3558,9073.0157,8914.2117,9073.0157,9030.6000,892958000,34237969410.0000,3,1.627650,1,0.469689,0
2025-08-21,9078.3017,9154.6456,9054.5009,9089.1874,9073.0157,888731100,33707826435.0000,3,1.619946,1,0.178240,0
2025-08-22,9106.7892,9155.7454,9051.4861,9154.9761,9089.1874,882937700,33529168142.0000,3,1.602642,1,0.723813,0
2025-08-25,9148.4629,9282.5259,9148.4629,9257.9274,9154.9761,1199149100,46453278163.0000,3,2.176605,1,1.124539,0
2025-08-26,9248.4604,9271.9179,9178.6469,9192.8348,9257.9274,938372400,34778499868.0000,3,1.703263,1,-0.703101,0
2025-08-27,9218.2013,9283.3443,9014.7484,9014.7484,9192.8348,1239214800,44111571110.0000,3,2.249670,1,-1.937231,0
2025-08-28,9002.7550,9068.5566,8761.6874,8991.1063,9014.7484,1079735700,39764139216.0000,3,1.960574,1,-0.262260,0
2025-08-29,9002.9362,9135.5312,8980.7665,9081.9229,8991.1063,1053765700,45683488746.0000,3,1.913418,1,1.010071,0
2025-09-01,9098.7926,9282.6370,9090.1222,9281.4890,9081.9229,1179547300,51946827727.0000,3,2.141811,1,2.197399,0
2025-09-02,9296.3646,9378.7795,9152.6124,9224.3611,9281.4890,1219684300,53516318632.0000,3,2.214691,1,-0.615504,0
2025-09-03,9246.1239,9329.1586,9182.1333,9250.1974,9224.3611,1046760100,45166699473.0000,3,1.900697,1,0.280088,0
2025-09-04,9273.8244,9279.6619,8908.5248,9025.1278,9250.1974,1089191500,48387833968.0000,3,1.977744,1,-2.433133,0
2025-09-05,9035.9976,9269.2331,8955.6557,9260.7610,9025.1278,965560300,41832452298.0000,3,1.753255,1,2.610857,0
2025-09-08,9276.5175,9444.3936,9276.5175,9423.5172,9260.7610,1053250000,45316697551.0000,3,1.912604,1,1.757482,0
2025-09-09,9390.8447,9467.7839,9200.1802,9241.4454,9423.5172,899790500,39737500158.0000,3,1.628018,1,-1.932100,0
2025-09-10,9241.9720,9326.5278,9164.3673,9211.0944,9241.4454,701981700,29664094909.0000,3,1.270117,1,-0.328423,0
2025-09-11,9041.0393,9226.0132,8916.2669,9220.3118,9211.0944,1091681900,51704090454.0000,3,1.975213,1,0.100068,0
2025-09-12,9255.2016,9299.9841,9156.2816,9234.7926,9220.3118,864532000,36682245029.0000,3,1.564224,1,0.157053,0
2025-09-15,9244.3103,9281.8342,9208.2646,9226.0336,9234.7926,760966900,32142703572.0000,3,1.376840,1,-0.094848,0
2025-09-16,9240.2328,9248.6790,9125.8721,9216.0118,9226.0336,694358800,27793120394.0000,3,1.256135,1,-0.108625,0
2025-09-17,9204.0429,9241.7977,9144.0502,9197.0002,9216.0118,636072500,28632227665.0000,3,1.150691,1,-0.206289,0
2025-09-18,9204.4529,9320.2769,9100.7052,9176.9743,9197.0002,1121620200,41358017263.0000,3,2.029075,1,-0.217744,0
2025-09-19,9157.5605,9210.3892,9024.5725,9061.6122,9176.9743,821323000,29375852479.0000,3,1.485820,1,-1.257082,0
2025-09-22,9094.6217,9183.8996,8968.6287,9007.7446,9061.6122,723989200,29746834837.0000,3,1.309738,1,-0.594459,0
2025-09-23,8980.1348,8981.9145,8713.0764,8833.5973,9007.7446,912445500,34150405053.0000,3,1.650666,1,-1.933306,0
2025-09-24,8838.1817,8987.9240,8832.3547,8975.5902,8833.5973,663306000,27024731768.0000,3,1.200077,1,1.607419,0
2025-09-25,8988.1050,9071.7108,8963.2031,8984.3512,8975.5902,742465500,32347392047.0000,3,1.342296,1,0.097609,0
2025-09-26,8924.7365,8924.7365,8805.8799,8811.1215,8984.3512,643777300,27361119653.0000,3,1.163879,1,-1.928127,0
2025-09-29,8815.8693,8844.0664,8676.9433,8815.3309,8811.1215,640934000,26092898853.0000,3,1.158731,1,0.047774,0
2025-09-30,8821.2448,8901.5958,8810.3580,8888.5980,8815.3309,572329500,26814703407.0000,3,1.034672,1,0.831133,0
2025-10-09,8896.2672,8931.0988,8806.1374,8929.8063,8888.5980,692981900,29566162167.0000,3,1.252790,1,0.463609,0
2025-10-10,8902.4771,8922.6052,8809.7618,8826.7685,8929.8063,683107500,29237209937.0000,3,1.234939,1,-1.153864,0
2025-10-13,8600.7766,8750.6403,8600.7766,8706.9884,8826.7685,632814600,26914866641.0000,3,1.144015,1,-1.357010,0
2025-10-14,8735.2583,8755.6822,8583.0569,8607.4512,8706.9884,671281000,26816879112.0000,3,1.213556,1,-1.143187,0
2025-10-15,8622.4500,8726.4042,8579.6918,8722.0142,8607.4512,630211000,22631855362.0000,3,1.139308,1,1.330975,0
2025-10-16,8701.2127,8802.8387,8677.9193,8709.4476,8722.0142,606110800,22813716444.0000,3,1.095740,1,-0.144079,0
2025-10-17,8722.1975,8748.4911,8561.7630,8570.9493,8709.4476,606932600,20782493969.0000,3,1.097222,1,-1.590208,0
2025-10-20,8614.7771,8645.8101,8556.8154,8605.0817,8570.9493,482974100,17371085707.0000,3,0.873131,1,0.398234,0
2025-10-21,8617.4630,8699.8569,8603.3483,8691.8857,8605.0817,553995400,18941786171.0000,3,1.001502,1,1.008753,0
2025-10-22,8682.4638,8758.6213,8664.8277,8671.8362,8691.8857,555183000,17269037970.0000,3,1.003649,1,-0.230669,0
2025-10-23,8644.1269,8648.8913,8530.3458,8618.3993,8671.8362,490710800,16394779346.0000,3,0.887097,1,-0.616212,0
2025-10-24,8629.6705,8695.6996,8603.3716,8631.0035,8618.3993,482707300,17937763671.0000,3,0.872629,1,0.146248,0
2025-10-27,8661.3863,8689.0112,8637.4759,8668.3871,8631.0035,730095500,30130366436.0000,3,1.319848,1,0.433132,0
2025-10-28,8660.3403,8668.9082,8600.7874,8617.4377,8668.3871,657482000,25245291680.0000,3,1.188579,1,-0.587761,0
2025-10-29,8613.8111,8627.3286,8521.5308,8627.3286,8617.4377,595314500,24124089071.0000,3,1.076194,1,0.114778,0
2025-10-30,8596.6043,8596.6043,8500.6353,8502.1312,8627.3286,774760700,33590791063.0000,3,1.400557,1,-1.451172,0
2025-10-31,8510.7017,8702.5625,8510.7017,8678.7105,8502.1312,860858300,34511519315.0000,3,1.556198,1,2.076883,0
2025-11-03,8705.6550,8708.7108,8615.1947,8677.8244,8678.7105,735107400,27574997207.0000,3,1.328875,1,-0.010210,0
2025-11-04,8663.9459,8663.9459,8487.9094,8529.4893,8677.8244,650964100,24193913062.0000,3,1.176767,1,-1.709358,0
2025-11-05,8465.0087,8567.0895,8465.0087,8517.3361,8529.4893,502490800,18226590117.0000,3,0.908367,1,-0.142484,0
2025-11-06,8507.8145,8520.4317,8479.2555,8519.4235,8517.3361,456706200,15545700315.0000,3,0.825601,1,0.024508,0
2025-11-07,8509.4405,8554.5406,8494.5355,8510.8272,8519.4235,575553500,17334784031.0000,3,1.040445,1,-0.100902,0
2025-11-10,8509.6249,8637.8460,8509.6249,8634.9667,8510.8272,719887400,23023813672.0000,3,1.301361,1,1.458607,0
2025-11-11,8634.3798,8639.1739,8585.7693,8630.5056,8634.9667,568633600,16541743655.0000,3,1.027935,1,-0.051663,0
2025-11-12,8637.0550,8735.1053,8637.0550,8680.9232,8630.5056,684660900,23229821921.0000,3,1.237601,1,0.584179,0
2025-11-13,8693.2210,8733.7733,8656.7353,8731.2919,8680.9232,651687700,24753260153.0000,3,1.177998,1,0.580223,0
2025-11-14,8703.1193,8820.8792,8700.0387,8719.9028,8731.2919,711467600,21917677764.0000,3,1.286057,1,-0.130440,0
2025-11-17,8704.5813,8708.6815,8540.0789,8564.8304,8719.9028,639492700,19321592551.0000,3,1.155954,1,-1.778373,0
2025-11-18,8558.1023,8593.3678,8475.8953,8508.9627,8564.8304,506161200,16091954046.0000,3,0.914943,1,-0.652292,0
2025-11-19,8498.3056,8521.8024,8376.3482,8393.1798,8508.9627,475582900,14906732803.0000,3,0.859669,1,-1.360717,0
2025-11-20,8414.8916,8442.2987,8322.6944,8326.9824,8393.1798,419189700,13857526379.0000,3,0.757732,1,-0.788705,0
2025-11-21,8292.6140,8355.5787,8131.8972,8163.1437,8326.9824,655059900,20010201329.0000,3,1.184094,1,-1.967564,0
2025-11-24,8199.0422,8263.1789,8172.7318,8237.2142,8163.1437,459882700,15904114659.0000,3,0.831278,1,0.907377,0
2025-11-25,8246.6165,8345.3831,8230.2897,8289.0349,8237.2142,494205100,16125497686.0000,3,0.893319,1,0.629105,0
2025-11-26,8297.5338,8404.2296,8294.9748,8303.1885,8289.0349,515478400,17737359106.0000,3,0.931772,1,0.170751,0
2025-11-27,8280.8809,8305.1605,8235.3042,8255.4173,8303.1885,412696000,15655901707.0000,3,0.745984,1,-0.575336,0
2025-11-28,8256.3774,8261.7302,8192.9781,8245.3695,8255.4173,382246800,12898888970.0000,3,0.690940,1,-0.121712,0
2025-12-01,8251.2297,8291.0453,8237.2596,8291.0453,8245.3695,435923700,14872056798.0000,3,0.787965,1,0.553957,0
2025-12-02,8283.0651,8283.1859,8192.6287,8200.9597,8291.0453,385110600,14006977026.0000,3,0.696117,1,-1.086541,0
2025-12-03,8206.1953,8225.6081,8164.0038,8192.3481,8200.9597,466988800,15232099636.0000,3,0.844118,1,-0.105007,0
2025-12-04,8194.9764,8230.4032,8160.3445,8194.0374,8192.3481,350731900,11697896797.0000,3,0.633974,1,0.020620,0
2025-12-05,8198.5399,8223.3680,8113.3175,8222.0014,8194.0374,389185800,13155739487.0000,3,0.703483,1,0.341273,0
2025-12-08,8253.4327,8283.2037,8209.9663,8213.1208,8222.0014,460638100,15924207761.0000,3,0.832638,1,-0.108010,0
2025-12-09,8221.8497,8279.9079,8186.9508,8187.7772,8213.1208,522709400,17922272467.0000,3,0.944837,1,-0.308575,0
2025-12-10,8187.2146,8215.1086,8118.6381,8205.7927,8187.7772,478738400,15678182347.0000,3,0.865356,1,0.220029,0
2025-12-11,8211.1122,8249.1661,8168.4347,8169.5256,8205.7927,494544100,17243693453.0000,3,0.893926,1,-0.441969,0
2025-12-12,8167.4151,8230.8358,8114.5410,8227.2064,8169.5256,685975000,23311677920.0000,3,1.239952,1,0.706048,0
2025-12-15,8187.4246,8190.3800,8118.2701,8118.2701,8227.2064,512956300,19816877925.0000,3,0.973662,1,-1.324098,0
2025-12-16,8102.4266,8119.5764,7984.6196,7986.0219,8118.2701,477994400,17148016705.0000,3,0.907299,1,-1.629019,0
2025-12-17,7977.7863,8103.8163,7960.2477,8084.3936,7986.0219,534571300,17393297006.0000,3,1.014704,1,1.231799,0
2025-12-18,8054.7838,8129.3039,8051.3206,8084.3726,8084.3936,486404900,14919902797.0000,3,0.923276,1,-0.000260,0
2025-12-19,8091.8689,8215.6338,8072.2811,8175.9054,8084.3726,517328900,18834757777.0000,3,0.981974,1,1.132219,0
2025-12-22,8174.5687,8175.1264,8124.8333,8144.5098,8175.9054,426488000,15234550417.0000,3,0.809544,1,-0.384002,0
2025-12-23,8149.2673,8159.4775,8091.6030,8103.5150,8144.5098,395700900,14170674389.0000,3,0.751105,1,-0.503343,0
2025-12-24,8102.8741,8122.6629,8064.0996,8110.7100,8103.5150,360429700,13513436497.0000,3,0.684154,1,0.088789,0
2025-12-25,8107.7211,8147.8494,8080.5674,8138.0105,8110.7100,324700300,12653153299.0000,3,0.616334,1,0.336598,0
2025-12-26,8128.7945,8155.2752,8089.7320,8133.2827,8138.0105,341406800,13338567486.0000,3,0.648046,1,-0.058095,0
2025-12-29,8123.6824,8123.6824,8042.4573,8047.5657,8133.2827,387412700,14403674922.0000,3,0.735372,1,-1.053904,0
2025-12-30,8016.1339,8031.5234,7972.8518,7992.3964,8047.5657,380643900,14540329725.0000,3,0.722524,1,-0.685540,0
2025-12-31,7991.5658,8016.7770,7955.2243,7968.0478,7992.3964,356253800,14309672066.0000,3,0.676228,1,-0.304647,0
2026-01-05,7979.3858,8252.6953,7958.7606,8247.8365,7968.0478,761203000,31608728492.0000,3,1.444883,1,3.511383,0
2026-01-06,8264.9089,8310.4886,8228.1758,8307.1964,8247.8365,682457700,24110914937.0000,3,1.288373,1,0.719703,0
2026-01-07,8303.5597,8426.5654,8303.5597,8386.6814,8307.1964,655598400,26592030131.0000,3,1.237669,1,0.956821,0
2026-01-08,8384.4361,8437.3976,8375.8606,8393.7922,8386.6814,600939500,23539561562.0000,3,1.134482,1,0.084787,0
2026-01-09,8397.9688,8578.4870,8394.9217,8570.9853,8393.7922,770304500,27928581844.0000,3,1.454217,1,2.111002,0
2026-01-12,8607.2870,8647.1331,8510.5116,8562.8568,8570.9853,797343000,29331369449.0000,3,1.550430,1,-0.094837,0
2026-01-13,8639.5499,8771.8065,8591.5824,8620.5930,8562.8568,1107476900,44079698597.0000,3,2.153484,1,0.674263,0
2026-01-14,8599.5038,8775.9839,8477.8783,8560.3639,8620.5930,1144525500,42086826000.0000,3,2.225525,1,-0.698665,0
2026-01-15,8524.7691,8608.1807,8472.0097,8498.9375,8560.3639,745934700,28576983853.0000,3,1.450467,1,-0.717568,0
2026-01-16,8503.7174,8543.5216,8363.6975,8379.7916,8498.9375,718447000,28161575531.0000,3,1.397017,1,-1.401892,0
2026-01-19,8355.7872,8399.6070,8301.7171,8326.9459,8379.7916,564969800,23353294017.0000,3,1.098581,1,-0.630633,0
2026-01-20,8330.2674,8350.0682,8204.2927,8237.6302,8326.9459,548188700,21934532265.0000,3,1.065950,1,-1.072611,0
2026-01-21,8233.8610,8323.6049,8197.5757,8248.5821,8237.6302,528489500,21963957027.0000,3,1.027645,1,0.132950,0
2026-01-22,8246.2571,8278.6406,8166.2127,8185.8544,8248.5821,508262000,21410601929.0000,3,0.988298,1,-0.760466,0
2026-01-23,8229.9046,8349.0582,8229.9046,8349.0582,8185.8544,937403000,28680736228.0000,3,1.822749,1,1.993730,0
